candidate_id,chain,position,sequence_index,wildtype,mutant,mutation,ddg,wt_score,mutant_score,input_pdb,fasta_id
screening_000001,A,3,1,V,A,VA3A,0.4778,260.0665,260.5442,1BRS.pdb,screening_000001|VA3A
screening_000002,A,3,1,V,C,VA3C,0.9577,260.0665,261.0242,1BRS.pdb,screening_000002|VA3C
screening_000004,A,3,1,V,E,VA3E,1.0978,260.0665,261.1642,1BRS.pdb,screening_000004|VA3E
screening_000006,A,3,1,V,G,VA3G,0.9788,260.0665,261.0453,1BRS.pdb,screening_000006|VA3G
screening_000008,A,3,1,V,I,VA3I,-0.0583,260.0665,260.0082,1BRS.pdb,screening_000008|VA3I
screening_000009,A,3,1,V,K,VA3K,1.3888,260.0665,261.4553,1BRS.pdb,screening_000009|VA3K
screening_000010,A,3,1,V,L,VA3L,-1.4243,260.0665,258.6421,1BRS.pdb,screening_000010|VA3L
screening_000011,A,3,1,V,M,VA3M,-0.0014,260.0665,260.0651,1BRS.pdb,screening_000011|VA3M
screening_000012,A,3,1,V,N,VA3N,0.8459,260.0665,260.9124,1BRS.pdb,screening_000012|VA3N
screening_000014,A,3,1,V,Q,VA3Q,-0.1562,260.0665,259.9102,1BRS.pdb,screening_000014|VA3Q
screening_000015,A,3,1,V,R,VA3R,1.3196,260.0665,261.3861,1BRS.pdb,screening_000015|VA3R
screening_000016,A,3,1,V,S,VA3S,0.3315,260.0665,260.3979,1BRS.pdb,screening_000016|VA3S
screening_000017,A,3,1,V,T,VA3T,-1.051,260.0665,259.0154,1BRS.pdb,screening_000017|VA3T
screening_000035,A,4,2,I,T,IA4T,1.7881,260.0665,261.8545,1BRS.pdb,screening_000035|IA4T
screening_000036,A,4,2,I,V,IA4V,0.9804,260.0665,261.0469,1BRS.pdb,screening_000036|IA4V
screening_000039,A,5,3,N,A,NA5A,1.136,260.0665,261.2025,1BRS.pdb,screening_000039|NA5A
screening_000053,A,5,3,N,S,NA5S,1.255,260.0665,261.3215,1BRS.pdb,screening_000053|NA5S
screening_000058,A,6,4,T,A,TA6A,1.9843,260.0665,262.0507,1BRS.pdb,screening_000058|TA6A
screening_000060,A,6,4,T,D,TA6D,-0.0173,260.0665,260.0492,1BRS.pdb,screening_000060|TA6D
screening_000066,A,6,4,T,K,TA6K,1.9884,260.0665,262.0549,1BRS.pdb,screening_000066|TA6K
screening_000068,A,6,4,T,M,TA6M,1.8722,260.0665,261.9386,1BRS.pdb,screening_000068|TA6M
screening_000069,A,6,4,T,N,TA6N,0.7023,260.0665,260.7688,1BRS.pdb,screening_000069|TA6N
screening_000071,A,6,4,T,Q,TA6Q,-0.0263,260.0665,260.0401,1BRS.pdb,screening_000071|TA6Q
screening_000072,A,6,4,T,R,TA6R,0.5295,260.0665,260.596,1BRS.pdb,screening_000072|TA6R
screening_000073,A,6,4,T,S,TA6S,-0.8816,260.0665,259.1848,1BRS.pdb,screening_000073|TA6S
screening_000098,A,8,6,D,E,DA8E,0.6199,260.0665,260.6863,1BRS.pdb,screening_000098|DA8E
screening_000106,A,8,6,D,N,DA8N,1.9592,260.0665,262.0256,1BRS.pdb,screening_000106|DA8N
screening_000172,A,12,10,D,A,DA12A,1.0971,260.0665,261.1636,1BRS.pdb,screening_000172|DA12A
screening_000174,A,12,10,D,E,DA12E,1.3682,260.0665,261.4346,1BRS.pdb,screening_000174|DA12E
screening_000179,A,12,10,D,K,DA12K,1.1093,260.0665,261.1757,1BRS.pdb,screening_000179|DA12K
screening_000180,A,12,10,D,L,DA12L,1.1816,260.0665,261.248,1BRS.pdb,screening_000180|DA12L
screening_000182,A,12,10,D,N,DA12N,-0.1849,260.0665,259.8816,1BRS.pdb,screening_000182|DA12N
screening_000184,A,12,10,D,Q,DA12Q,1.4599,260.0665,261.5264,1BRS.pdb,screening_000184|DA12Q
screening_000186,A,12,10,D,S,DA12S,0.3758,260.0665,260.4423,1BRS.pdb,screening_000186|DA12S
screening_000187,A,12,10,D,T,DA12T,0.4863,260.0665,260.5527,1BRS.pdb,screening_000187|DA12T
screening_000229,A,15,13,Q,A,QA15A,-0.3306,260.0665,259.7358,1BRS.pdb,screening_000229|QA15A
screening_000230,A,15,13,Q,C,QA15C,1.3073,260.0665,261.3737,1BRS.pdb,screening_000230|QA15C
screening_000231,A,15,13,Q,D,QA15D,1.5285,260.0665,261.5949,1BRS.pdb,screening_000231|QA15D
screening_000232,A,15,13,Q,E,QA15E,0.9967,260.0665,261.0631,1BRS.pdb,screening_000232|QA15E
screening_000234,A,15,13,Q,G,QA15G,1.9803,260.0665,262.0467,1BRS.pdb,screening_000234|QA15G
screening_000236,A,15,13,Q,I,QA15I,1.5483,260.0665,261.6147,1BRS.pdb,screening_000236|QA15I
screening_000237,A,15,13,Q,K,QA15K,-0.4719,260.0665,259.5946,1BRS.pdb,screening_000237|QA15K
screening_000238,A,15,13,Q,L,QA15L,1.0217,260.0665,261.0882,1BRS.pdb,screening_000238|QA15L
screening_000239,A,15,13,Q,M,QA15M,-0.022,260.0665,260.0445,1BRS.pdb,screening_000239|QA15M
screening_000240,A,15,13,Q,N,QA15N,1.9342,260.0665,262.0006,1BRS.pdb,screening_000240|QA15N
screening_000242,A,15,13,Q,R,QA15R,1.4008,260.0665,261.4673,1BRS.pdb,screening_000242|QA15R
screening_000243,A,15,13,Q,S,QA15S,0.0366,260.0665,260.103,1BRS.pdb,screening_000243|QA15S
screening_000244,A,15,13,Q,T,QA15T,0.7305,260.0665,260.797,1BRS.pdb,screening_000244|QA15T
screening_000245,A,15,13,Q,V,QA15V,0.7387,260.0665,260.8051,1BRS.pdb,screening_000245|QA15V
screening_000248,A,16,14,T,A,TA16A,-1.9285,260.0665,258.138,1BRS.pdb,screening_000248|TA16A
screening_000249,A,16,14,T,C,TA16C,0.6524,260.0665,260.7188,1BRS.pdb,screening_000249|TA16C
screening_000250,A,16,14,T,D,TA16D,-0.9039,260.0665,259.1625,1BRS.pdb,screening_000250|TA16D
screening_000251,A,16,14,T,E,TA16E,-1.3853,260.0665,258.6811,1BRS.pdb,screening_000251|TA16E
screening_000252,A,16,14,T,F,TA16F,-0.3503,260.0665,259.7162,1BRS.pdb,screening_000252|TA16F
screening_000253,A,16,14,T,G,TA16G,1.1184,260.0665,261.1849,1BRS.pdb,screening_000253|TA16G
screening_000254,A,16,14,T,H,TA16H,-1.121,260.0665,258.9454,1BRS.pdb,screening_000254|TA16H
screening_000255,A,16,14,T,I,TA16I,-3.2961,260.0665,256.7703,1BRS.pdb,screening_000255|TA16I
screening_000256,A,16,14,T,K,TA16K,-2.6534,260.0665,257.413,1BRS.pdb,screening_000256|TA16K
screening_000257,A,16,14,T,L,TA16L,-2.0709,260.0665,257.9956,1BRS.pdb,screening_000257|TA16L
screening_000258,A,16,14,T,M,TA16M,-0.6817,260.0665,259.3847,1BRS.pdb,screening_000258|TA16M
screening_000259,A,16,14,T,N,TA16N,-2.1475,260.0665,257.919,1BRS.pdb,screening_000259|TA16N
screening_000261,A,16,14,T,Q,TA16Q,-1.9189,260.0665,258.1476,1BRS.pdb,screening_000261|TA16Q
screening_000262,A,16,14,T,R,TA16R,-1.9136,260.0665,258.1529,1BRS.pdb,screening_000262|TA16R
screening_000263,A,16,14,T,S,TA16S,-1.7727,260.0665,258.2938,1BRS.pdb,screening_000263|TA16S
screening_000264,A,16,14,T,V,TA16V,-1.2719,260.0665,258.7946,1BRS.pdb,screening_000264|TA16V
screening_000265,A,16,14,T,W,TA16W,-0.3749,260.0665,259.6916,1BRS.pdb,screening_000265|TA16W
screening_000266,A,16,14,T,Y,TA16Y,-0.9913,260.0665,259.0752,1BRS.pdb,screening_000266|TA16Y
screening_000271,A,17,15,Y,F,YA17F,0.6534,260.0665,260.7198,1BRS.pdb,screening_000271|YA17F
screening_000273,A,17,15,Y,H,YA17H,0.964,260.0665,261.0305,1BRS.pdb,screening_000273|YA17H
screening_000286,A,18,16,H,A,HA18A,-7.2111,260.0665,252.8553,1BRS.pdb,screening_000286|HA18A
screening_000287,A,18,16,H,C,HA18C,-6.5195,260.0665,253.5469,1BRS.pdb,screening_000287|HA18C
screening_000288,A,18,16,H,D,HA18D,-6.2094,260.0665,253.857,1BRS.pdb,screening_000288|HA18D
screening_000289,A,18,16,H,E,HA18E,-8.5556,260.0665,251.5109,1BRS.pdb,screening_000289|HA18E
screening_000290,A,18,16,H,F,HA18F,-6.0801,260.0665,253.9864,1BRS.pdb,screening_000290|HA18F
screening_000291,A,18,16,H,G,HA18G,-6.4979,260.0665,253.5686,1BRS.pdb,screening_000291|HA18G
screening_000293,A,18,16,H,K,HA18K,-9.5804,260.0665,250.4861,1BRS.pdb,screening_000293|HA18K
screening_000294,A,18,16,H,L,HA18L,-7.189,260.0665,252.8775,1BRS.pdb,screening_000294|HA18L
screening_000295,A,18,16,H,M,HA18M,-6.124,260.0665,253.9424,1BRS.pdb,screening_000295|HA18M
screening_000296,A,18,16,H,N,HA18N,-9.7317,260.0665,250.3348,1BRS.pdb,screening_000296|HA18N
screening_000298,A,18,16,H,Q,HA18Q,-9.1522,260.0665,250.9142,1BRS.pdb,screening_000298|HA18Q
screening_000299,A,18,16,H,R,HA18R,-8.643,260.0665,251.4235,1BRS.pdb,screening_000299|HA18R
screening_000300,A,18,16,H,S,HA18S,-7.6746,260.0665,252.3919,1BRS.pdb,screening_000300|HA18S
screening_000301,A,18,16,H,T,HA18T,-5.2852,260.0665,254.7813,1BRS.pdb,screening_000301|HA18T
screening_000303,A,18,16,H,W,HA18W,-5.5589,260.0665,254.5075,1BRS.pdb,screening_000303|HA18W
screening_000304,A,18,16,H,Y,HA18Y,-7.9031,260.0665,252.1634,1BRS.pdb,screening_000304|HA18Y
screening_000305,A,19,17,K,A,KA19A,-1.2099,260.0665,258.8566,1BRS.pdb,screening_000305|KA19A
screening_000306,A,19,17,K,C,KA19C,-0.9158,260.0665,259.1507,1BRS.pdb,screening_000306|KA19C
screening_000307,A,19,17,K,D,KA19D,-1.6265,260.0665,258.44,1BRS.pdb,screening_000307|KA19D
screening_000308,A,19,17,K,E,KA19E,-0.2867,260.0665,259.7797,1BRS.pdb,screening_000308|KA19E
screening_000310,A,19,17,K,G,KA19G,-0.8709,260.0665,259.1955,1BRS.pdb,screening_000310|KA19G
screening_000311,A,19,17,K,H,KA19H,-1.4319,260.0665,258.6345,1BRS.pdb,screening_000311|KA19H
screening_000312,A,19,17,K,I,KA19I,1.6022,260.0665,261.6687,1BRS.pdb,screening_000312|KA19I
screening_000314,A,19,17,K,M,KA19M,-0.7568,260.0665,259.3097,1BRS.pdb,screening_000314|KA19M
screening_000315,A,19,17,K,N,KA19N,-0.9837,260.0665,259.0828,1BRS.pdb,screening_000315|KA19N
screening_000317,A,19,17,K,Q,KA19Q,-1.2319,260.0665,258.8346,1BRS.pdb,screening_000317|KA19Q
screening_000318,A,19,17,K,R,KA19R,-3.2121,260.0665,256.8544,1BRS.pdb,screening_000318|KA19R
screening_000319,A,19,17,K,S,KA19S,-1.9103,260.0665,258.1561,1BRS.pdb,screening_000319|KA19S
screening_000320,A,19,17,K,T,KA19T,-2.0839,260.0665,257.9825,1BRS.pdb,screening_000320|KA19T
screening_000321,A,19,17,K,V,KA19V,1.9888,260.0665,262.0552,1BRS.pdb,screening_000321|KA19V
screening_000343,A,21,19,P,A,PA21A,-8.22,260.0665,251.8465,1BRS.pdb,screening_000343|PA21A
screening_000344,A,21,19,P,C,PA21C,-1.743,260.0665,258.3235,1BRS.pdb,screening_000344|PA21C
screening_000345,A,21,19,P,D,PA21D,-0.1174,260.0665,259.949,1BRS.pdb,screening_000345|PA21D
screening_000348,A,21,19,P,G,PA21G,-3.8621,260.0665,256.2043,1BRS.pdb,screening_000348|PA21G
screening_000357,A,21,19,P,S,PA21S,-6.7953,260.0665,253.2711,1BRS.pdb,screening_000357|PA21S
screening_000358,A,21,19,P,T,PA21T,0.8855,260.0665,260.9519,1BRS.pdb,screening_000358|PA21T
screening_000362,A,22,20,D,A,DA22A,0.6698,260.0665,260.7363,1BRS.pdb,screening_000362|DA22A
screening_000364,A,22,20,D,E,DA22E,-0.5189,260.0665,259.5475,1BRS.pdb,screening_000364|DA22E
screening_000366,A,22,20,D,G,DA22G,0.9627,260.0665,261.0291,1BRS.pdb,screening_000366|DA22G
screening_000367,A,22,20,D,H,DA22H,0.7313,260.0665,260.7978,1BRS.pdb,screening_000367|DA22H
screening_000369,A,22,20,D,K,DA22K,-0.0421,260.0665,260.0244,1BRS.pdb,screening_000369|DA22K
screening_000370,A,22,20,D,L,DA22L,1.1666,260.0665,261.2331,1BRS.pdb,screening_000370|DA22L
screening_000371,A,22,20,D,M,DA22M,1.8838,260.0665,261.9502,1BRS.pdb,screening_000371|DA22M
screening_000372,A,22,20,D,N,DA22N,0.1743,260.0665,260.2408,1BRS.pdb,screening_000372|DA22N
screening_000374,A,22,20,D,Q,DA22Q,0.1541,260.0665,260.2205,1BRS.pdb,screening_000374|DA22Q
screening_000375,A,22,20,D,R,DA22R,1.3343,260.0665,261.4008,1BRS.pdb,screening_000375|DA22R
screening_000376,A,22,20,D,S,DA22S,-0.9201,260.0665,259.1464,1BRS.pdb,screening_000376|DA22S
screening_000377,A,22,20,D,T,DA22T,0.8553,260.0665,260.9217,1BRS.pdb,screening_000377|DA22T
screening_000381,A,23,21,N,A,NA23A,-2.4807,260.0665,257.5858,1BRS.pdb,screening_000381|NA23A
screening_000382,A,23,21,N,C,NA23C,-2.3677,260.0665,257.6988,1BRS.pdb,screening_000382|NA23C
screening_000383,A,23,21,N,D,NA23D,-4.0213,260.0665,256.0452,1BRS.pdb,screening_000383|NA23D
screening_000384,A,23,21,N,E,NA23E,-5.3798,260.0665,254.6866,1BRS.pdb,screening_000384|NA23E
screening_000385,A,23,21,N,F,NA23F,-2.4701,260.0665,257.5964,1BRS.pdb,screening_000385|NA23F
screening_000386,A,23,21,N,G,NA23G,-0.9539,260.0665,259.1125,1BRS.pdb,screening_000386|NA23G
screening_000387,A,23,21,N,H,NA23H,-4.4971,260.0665,255.5693,1BRS.pdb,screening_000387|NA23H
screening_000388,A,23,21,N,I,NA23I,0.862,260.0665,260.9284,1BRS.pdb,screening_000388|NA23I
screening_000389,A,23,21,N,K,NA23K,-1.9139,260.0665,258.1525,1BRS.pdb,screening_000389|NA23K
screening_000391,A,23,21,N,M,NA23M,-0.9097,260.0665,259.1567,1BRS.pdb,screening_000391|NA23M
screening_000393,A,23,21,N,Q,NA23Q,-4.852,260.0665,255.2145,1BRS.pdb,screening_000393|NA23Q
screening_000394,A,23,21,N,R,NA23R,0.1171,260.0665,260.1835,1BRS.pdb,screening_000394|NA23R
screening_000395,A,23,21,N,S,NA23S,-2.6244,260.0665,257.442,1BRS.pdb,screening_000395|NA23S
screening_000396,A,23,21,N,T,NA23T,-2.9593,260.0665,257.1072,1BRS.pdb,screening_000396|NA23T
screening_000397,A,23,21,N,V,NA23V,-4.1373,260.0665,255.9292,1BRS.pdb,screening_000397|NA23V
screening_000398,A,23,21,N,W,NA23W,-2.9792,260.0665,257.0872,1BRS.pdb,screening_000398|NA23W
screening_000399,A,23,21,N,Y,NA23Y,-2.8851,260.0665,257.1813,1BRS.pdb,screening_000399|NA23Y
screening_000422,A,25,23,I,E,IA25E,1.8797,260.0665,261.9461,1BRS.pdb,screening_000422|IA25E
screening_000434,A,25,23,I,T,IA25T,1.7818,260.0665,261.8482,1BRS.pdb,screening_000434|IA25T
screening_000435,A,25,23,I,V,IA25V,0.1901,260.0665,260.2566,1BRS.pdb,screening_000435|IA25V
screening_000438,A,26,24,T,A,TA26A,-0.3773,260.0665,259.6892,1BRS.pdb,screening_000438|TA26A
screening_000439,A,26,24,T,C,TA26C,1.8002,260.0665,261.8667,1BRS.pdb,screening_000439|TA26C
screening_000443,A,26,24,T,G,TA26G,0.6147,260.0665,260.6812,1BRS.pdb,screening_000443|TA26G
screening_000446,A,26,24,T,K,TA26K,0.0317,260.0665,260.0982,1BRS.pdb,screening_000446|TA26K
screening_000447,A,26,24,T,L,TA26L,0.5034,260.0665,260.5698,1BRS.pdb,screening_000447|TA26L
screening_000448,A,26,24,T,M,TA26M,1.0214,260.0665,261.0879,1BRS.pdb,screening_000448|TA26M
screening_000449,A,26,24,T,N,TA26N,1.6544,260.0665,261.7209,1BRS.pdb,screening_000449|TA26N
screening_000451,A,26,24,T,Q,TA26Q,0.5716,260.0665,260.638,1BRS.pdb,screening_000451|TA26Q
screening_000452,A,26,24,T,R,TA26R,-2.094,260.0665,257.9724,1BRS.pdb,screening_000452|TA26R
screening_000453,A,26,24,T,S,TA26S,-2.8192,260.0665,257.2472,1BRS.pdb,screening_000453|TA26S
screening_000457,A,27,25,K,A,KA27A,-0.4004,260.0665,259.6661,1BRS.pdb,screening_000457|KA27A
screening_000458,A,27,25,K,C,KA27C,0.7298,260.0665,260.7962,1BRS.pdb,screening_000458|KA27C
screening_000466,A,27,25,K,M,KA27M,-1.0712,260.0665,258.9952,1BRS.pdb,screening_000466|KA27M
screening_000469,A,27,25,K,Q,KA27Q,-0.6275,260.0665,259.439,1BRS.pdb,screening_000469|KA27Q
screening_000470,A,27,25,K,R,KA27R,-0.2053,260.0665,259.8611,1BRS.pdb,screening_000470|KA27R
screening_000471,A,27,25,K,S,KA27S,-0.142,260.0665,259.9244,1BRS.pdb,screening_000471|KA27S
screening_000476,A,28,26,S,A,SA28A,-5.7872,260.0665,254.2792,1BRS.pdb,screening_000476|SA28A
screening_000477,A,28,26,S,C,SA28C,-2.9088,260.0665,257.1576,1BRS.pdb,screening_000477|SA28C
screening_000478,A,28,26,S,D,SA28D,-7.2892,260.0665,252.7772,1BRS.pdb,screening_000478|SA28D
screening_000479,A,28,26,S,E,SA28E,-7.005,260.0665,253.0615,1BRS.pdb,screening_000479|SA28E
screening_000480,A,28,26,S,F,SA28F,-4.8595,260.0665,255.2069,1BRS.pdb,screening_000480|SA28F
screening_000481,A,28,26,S,G,SA28G,-5.0828,260.0665,254.9836,1BRS.pdb,screening_000481|SA28G
screening_000482,A,28,26,S,H,SA28H,-5.761,260.0665,254.3055,1BRS.pdb,screening_000482|SA28H
screening_000483,A,28,26,S,I,SA28I,-5.7076,260.0665,254.3588,1BRS.pdb,screening_000483|SA28I
screening_000484,A,28,26,S,K,SA28K,-6.6334,260.0665,253.4331,1BRS.pdb,screening_000484|SA28K
screening_000485,A,28,26,S,L,SA28L,-5.2225,260.0665,254.8439,1BRS.pdb,screening_000485|SA28L
screening_000486,A,28,26,S,M,SA28M,-3.744,260.0665,256.3225,1BRS.pdb,screening_000486|SA28M
screening_000487,A,28,26,S,N,SA28N,-6.2649,260.0665,253.8015,1BRS.pdb,screening_000487|SA28N
screening_000489,A,28,26,S,Q,SA28Q,-5.7183,260.0665,254.3481,1BRS.pdb,screening_000489|SA28Q
screening_000490,A,28,26,S,R,SA28R,-5.3736,260.0665,254.6929,1BRS.pdb,screening_000490|SA28R
screening_000491,A,28,26,S,T,SA28T,-6.0684,260.0665,253.998,1BRS.pdb,screening_000491|SA28T
screening_000492,A,28,26,S,V,SA28V,-5.5972,260.0665,254.4692,1BRS.pdb,screening_000492|SA28V
screening_000493,A,28,26,S,W,SA28W,-5.1709,260.0665,254.8956,1BRS.pdb,screening_000493|SA28W
screening_000494,A,28,26,S,Y,SA28Y,-5.4276,260.0665,254.6389,1BRS.pdb,screening_000494|SA28Y
screening_000495,A,29,27,E,A,EA29A,-0.4532,260.0665,259.6133,1BRS.pdb,screening_000495|EA29A
screening_000497,A,29,27,E,D,EA29D,-0.5299,260.0665,259.5365,1BRS.pdb,screening_000497|EA29D
screening_000500,A,29,27,E,H,EA29H,1.7148,260.0665,261.7812,1BRS.pdb,screening_000500|EA29H
screening_000501,A,29,27,E,I,EA29I,-1.2263,260.0665,258.8402,1BRS.pdb,screening_000501|EA29I
screening_000502,A,29,27,E,K,EA29K,0.4497,260.0665,260.5162,1BRS.pdb,screening_000502|EA29K
screening_000503,A,29,27,E,L,EA29L,0.594,260.0665,260.6604,1BRS.pdb,screening_000503|EA29L
screening_000504,A,29,27,E,M,EA29M,0.7194,260.0665,260.7858,1BRS.pdb,screening_000504|EA29M
screening_000505,A,29,27,E,N,EA29N,1.4473,260.0665,261.5138,1BRS.pdb,screening_000505|EA29N
screening_000507,A,29,27,E,Q,EA29Q,-2.9224,260.0665,257.1441,1BRS.pdb,screening_000507|EA29Q
screening_000508,A,29,27,E,R,EA29R,1.2942,260.0665,261.3606,1BRS.pdb,screening_000508|EA29R
screening_000509,A,29,27,E,S,EA29S,1.39,260.0665,261.4564,1BRS.pdb,screening_000509|EA29S
screening_000510,A,29,27,E,T,EA29T,-0.5666,260.0665,259.4999,1BRS.pdb,screening_000510|EA29T
screening_000511,A,29,27,E,V,EA29V,-0.3888,260.0665,259.6777,1BRS.pdb,screening_000511|EA29V
screening_000533,A,31,29,Q,A,QA31A,-16.2819,260.0665,243.7846,1BRS.pdb,screening_000533|QA31A
screening_000534,A,31,29,Q,C,QA31C,-14.2659,260.0665,245.8006,1BRS.pdb,screening_000534|QA31C
screening_000535,A,31,29,Q,D,QA31D,-11.8319,260.0665,248.2345,1BRS.pdb,screening_000535|QA31D
screening_000536,A,31,29,Q,E,QA31E,-14.8168,260.0665,245.2496,1BRS.pdb,screening_000536|QA31E
screening_000537,A,31,29,Q,F,QA31F,-13.5283,260.0665,246.5382,1BRS.pdb,screening_000537|QA31F
screening_000538,A,31,29,Q,G,QA31G,-13.9021,260.0665,246.1644,1BRS.pdb,screening_000538|QA31G
screening_000539,A,31,29,Q,H,QA31H,-14.783,260.0665,245.2835,1BRS.pdb,screening_000539|QA31H
screening_000540,A,31,29,Q,I,QA31I,-13.0016,260.0665,247.0649,1BRS.pdb,screening_000540|QA31I
screening_000541,A,31,29,Q,K,QA31K,-15.7516,260.0665,244.3149,1BRS.pdb,screening_000541|QA31K
screening_000542,A,31,29,Q,L,QA31L,-13.6546,260.0665,246.4119,1BRS.pdb,screening_000542|QA31L
screening_000543,A,31,29,Q,M,QA31M,-13.9608,260.0665,246.1057,1BRS.pdb,screening_000543|QA31M
screening_000544,A,31,29,Q,N,QA31N,-13.1706,260.0665,246.8958,1BRS.pdb,screening_000544|QA31N
screening_000546,A,31,29,Q,R,QA31R,-15.4973,260.0665,244.5692,1BRS.pdb,screening_000546|QA31R
screening_000547,A,31,29,Q,S,QA31S,-15.3314,260.0665,244.735,1BRS.pdb,screening_000547|QA31S
screening_000548,A,31,29,Q,T,QA31T,-14.9474,260.0665,245.1191,1BRS.pdb,screening_000548|QA31T
screening_000549,A,31,29,Q,V,QA31V,-11.4508,260.0665,248.6157,1BRS.pdb,screening_000549|QA31V
screening_000550,A,31,29,Q,W,QA31W,-13.0012,260.0665,247.0653,1BRS.pdb,screening_000550|QA31W
screening_000551,A,31,29,Q,Y,QA31Y,-13.9427,260.0665,246.1237,1BRS.pdb,screening_000551|QA31Y
screening_000556,A,32,30,A,G,AA32G,1.5992,260.0665,261.6657,1BRS.pdb,screening_000556|AA32G
screening_000559,A,32,30,A,K,AA32K,1.7571,260.0665,261.8235,1BRS.pdb,screening_000559|AA32K
screening_000571,A,33,31,L,A,LA33A,0.33,260.0665,260.3965,1BRS.pdb,screening_000571|LA33A
screening_000572,A,33,31,L,C,LA33C,1.9381,260.0665,262.0046,1BRS.pdb,screening_000572|LA33C
screening_000573,A,33,31,L,D,LA33D,0.9816,260.0665,261.0481,1BRS.pdb,screening_000573|LA33D
screening_000574,A,33,31,L,E,LA33E,1.2584,260.0665,261.3249,1BRS.pdb,screening_000574|LA33E
screening_000575,A,33,31,L,F,LA33F,0.173,260.0665,260.2395,1BRS.pdb,screening_000575|LA33F
screening_000577,A,33,31,L,H,LA33H,-0.6592,260.0665,259.4073,1BRS.pdb,screening_000577|LA33H
screening_000579,A,33,31,L,K,LA33K,-0.941,260.0665,259.1255,1BRS.pdb,screening_000579|LA33K
screening_000580,A,33,31,L,M,LA33M,0.6737,260.0665,260.7402,1BRS.pdb,screening_000580|LA33M
screening_000581,A,33,31,L,N,LA33N,-0.5336,260.0665,259.5328,1BRS.pdb,screening_000581|LA33N
screening_000583,A,33,31,L,Q,LA33Q,-0.3449,260.0665,259.7216,1BRS.pdb,screening_000583|LA33Q
screening_000584,A,33,31,L,R,LA33R,-1.675,260.0665,258.3915,1BRS.pdb,screening_000584|LA33R
screening_000585,A,33,31,L,S,LA33S,0.3577,260.0665,260.4241,1BRS.pdb,screening_000585|LA33S
screening_000586,A,33,31,L,T,LA33T,0.1939,260.0665,260.2603,1BRS.pdb,screening_000586|LA33T
screening_000589,A,33,31,L,Y,LA33Y,-0.4967,260.0665,259.5698,1BRS.pdb,screening_000589|LA33Y
screening_000628,A,36,34,V,A,VA36A,-54.5337,260.0665,205.5327,1BRS.pdb,screening_000628|VA36A
screening_000629,A,36,34,V,C,VA36C,-41.0287,260.0665,219.0378,1BRS.pdb,screening_000629|VA36C
screening_000630,A,36,34,V,D,VA36D,-46.0256,260.0665,214.0409,1BRS.pdb,screening_000630|VA36D
screening_000631,A,36,34,V,E,VA36E,-44.4464,260.0665,215.6201,1BRS.pdb,screening_000631|VA36E
screening_000632,A,36,34,V,F,VA36F,-44.8843,260.0665,215.1822,1BRS.pdb,screening_000632|VA36F
screening_000633,A,36,34,V,G,VA36G,-113.9498,260.0665,146.1166,1BRS.pdb,screening_000633|VA36G
screening_000634,A,36,34,V,H,VA36H,-46.3639,260.0665,213.7025,1BRS.pdb,screening_000634|VA36H
screening_000635,A,36,34,V,I,VA36I,-35.7003,260.0665,224.3661,1BRS.pdb,screening_000635|VA36I
screening_000636,A,36,34,V,K,VA36K,-36.0055,260.0665,224.0609,1BRS.pdb,screening_000636|VA36K
screening_000637,A,36,34,V,L,VA36L,-16.1587,260.0665,243.9078,1BRS.pdb,screening_000637|VA36L
screening_000638,A,36,34,V,M,VA36M,-41.8789,260.0665,218.1876,1BRS.pdb,screening_000638|VA36M
screening_000639,A,36,34,V,N,VA36N,-54.2903,260.0665,205.7761,1BRS.pdb,screening_000639|VA36N
screening_000641,A,36,34,V,Q,VA36Q,-40.8787,260.0665,219.1877,1BRS.pdb,screening_000641|VA36Q
screening_000642,A,36,34,V,R,VA36R,-36.7855,260.0665,223.2809,1BRS.pdb,screening_000642|VA36R
screening_000643,A,36,34,V,S,VA36S,-49.1907,260.0665,210.8758,1BRS.pdb,screening_000643|VA36S
screening_000644,A,36,34,V,T,VA36T,-42.2388,260.0665,217.8277,1BRS.pdb,screening_000644|VA36T
screening_000645,A,36,34,V,W,VA36W,-44.5432,260.0665,215.5232,1BRS.pdb,screening_000645|VA36W
screening_000646,A,36,34,V,Y,VA36Y,-48.6738,260.0665,211.3927,1BRS.pdb,screening_000646|VA36Y
screening_000658,A,37,35,A,P,AA37P,-2.7211,260.0665,257.3454,1BRS.pdb,screening_000658|AA37P
screening_000666,A,38,36,S,A,SA38A,-3.1843,260.0665,256.8821,1BRS.pdb,screening_000666|SA38A
screening_000667,A,38,36,S,C,SA38C,-1.7512,260.0665,258.3152,1BRS.pdb,screening_000667|SA38C
screening_000671,A,38,36,S,G,SA38G,-0.828,260.0665,259.2385,1BRS.pdb,screening_000671|SA38G
screening_000677,A,38,36,S,N,SA38N,0.7368,260.0665,260.8032,1BRS.pdb,screening_000677|SA38N
screening_000684,A,38,36,S,Y,SA38Y,1.6546,260.0665,261.7211,1BRS.pdb,screening_000684|SA38Y
screening_000685,A,39,37,K,A,KA39A,-158.4519,260.0665,101.6146,1BRS.pdb,screening_000685|KA39A
screening_000686,A,39,37,K,C,KA39C,-156.1114,260.0665,103.955,1BRS.pdb,screening_000686|KA39C
screening_000687,A,39,37,K,D,KA39D,-157.6281,260.0665,102.4384,1BRS.pdb,screening_000687|KA39D
screening_000688,A,39,37,K,E,KA39E,-158.1549,260.0665,101.9115,1BRS.pdb,screening_000688|KA39E
screening_000689,A,39,37,K,F,KA39F,-157.5051,260.0665,102.5614,1BRS.pdb,screening_000689|KA39F
screening_000690,A,39,37,K,G,KA39G,-155.2014,260.0665,104.865,1BRS.pdb,screening_000690|KA39G
screening_000691,A,39,37,K,H,KA39H,-157.4418,260.0665,102.6247,1BRS.pdb,screening_000691|KA39H
screening_000692,A,39,37,K,I,KA39I,-154.1614,260.0665,105.9051,1BRS.pdb,screening_000692|KA39I
screening_000693,A,39,37,K,L,KA39L,-157.1377,260.0665,102.9287,1BRS.pdb,screening_000693|KA39L
screening_000694,A,39,37,K,M,KA39M,-156.8796,260.0665,103.1868,1BRS.pdb,screening_000694|KA39M
screening_000695,A,39,37,K,N,KA39N,-157.4533,260.0665,102.6132,1BRS.pdb,screening_000695|KA39N
screening_000697,A,39,37,K,Q,KA39Q,-158.3605,260.0665,101.706,1BRS.pdb,screening_000697|KA39Q
screening_000698,A,39,37,K,R,KA39R,-157.4387,260.0665,102.6278,1BRS.pdb,screening_000698|KA39R
screening_000699,A,39,37,K,S,KA39S,-157.356,260.0665,102.7105,1BRS.pdb,screening_000699|KA39S
screening_000700,A,39,37,K,T,KA39T,-155.421,260.0665,104.6454,1BRS.pdb,screening_000700|KA39T
screening_000701,A,39,37,K,V,KA39V,-154.6177,260.0665,105.4487,1BRS.pdb,screening_000701|KA39V
screening_000702,A,39,37,K,W,KA39W,-158.1079,260.0665,101.9586,1BRS.pdb,screening_000702|KA39W
screening_000703,A,39,37,K,Y,KA39Y,-157.8487,260.0665,102.2178,1BRS.pdb,screening_000703|KA39Y
screening_000765,A,43,41,A,G,AA43G,1.8297,260.0665,261.8962,1BRS.pdb,screening_000765|AA43G
screening_000771,A,43,41,A,N,AA43N,1.0163,260.0665,261.0827,1BRS.pdb,screening_000771|AA43N
screening_000775,A,43,41,A,S,AA43S,-0.0413,260.0665,260.0252,1BRS.pdb,screening_000775|AA43S
screening_000780,A,44,42,D,A,DA44A,-1.7401,260.0665,258.3263,1BRS.pdb,screening_000780|DA44A
screening_000781,A,44,42,D,C,DA44C,0.6788,260.0665,260.7452,1BRS.pdb,screening_000781|DA44C
screening_000782,A,44,42,D,E,DA44E,-3.4689,260.0665,256.5975,1BRS.pdb,screening_000782|DA44E
screening_000783,A,44,42,D,F,DA44F,0.4765,260.0665,260.5429,1BRS.pdb,screening_000783|DA44F
screening_000784,A,44,42,D,G,DA44G,0.7461,260.0665,260.8125,1BRS.pdb,screening_000784|DA44G
screening_000785,A,44,42,D,H,DA44H,-1.1603,260.0665,258.9062,1BRS.pdb,screening_000785|DA44H
screening_000786,A,44,42,D,I,DA44I,-1.4082,260.0665,258.6583,1BRS.pdb,screening_000786|DA44I
screening_000787,A,44,42,D,K,DA44K,-2.8239,260.0665,257.2425,1BRS.pdb,screening_000787|DA44K
screening_000788,A,44,42,D,L,DA44L,-2.0247,260.0665,258.0417,1BRS.pdb,screening_000788|DA44L
screening_000789,A,44,42,D,M,DA44M,-0.3661,260.0665,259.7003,1BRS.pdb,screening_000789|DA44M
screening_000790,A,44,42,D,N,DA44N,-2.0409,260.0665,258.0256,1BRS.pdb,screening_000790|DA44N
screening_000792,A,44,42,D,Q,DA44Q,-2.4203,260.0665,257.6461,1BRS.pdb,screening_000792|DA44Q
screening_000793,A,44,42,D,R,DA44R,-1.6958,260.0665,258.3706,1BRS.pdb,screening_000793|DA44R
screening_000794,A,44,42,D,S,DA44S,-1.8018,260.0665,258.2647,1BRS.pdb,screening_000794|DA44S
screening_000795,A,44,42,D,T,DA44T,-1.0992,260.0665,258.9672,1BRS.pdb,screening_000795|DA44T
screening_000796,A,44,42,D,V,DA44V,-1.2552,260.0665,258.8113,1BRS.pdb,screening_000796|DA44V
screening_000797,A,44,42,D,W,DA44W,1.2467,260.0665,261.3131,1BRS.pdb,screening_000797|DA44W
screening_000798,A,44,42,D,Y,DA44Y,-0.1596,260.0665,259.9068,1BRS.pdb,screening_000798|DA44Y
screening_000807,A,45,43,V,K,VA45K,1.9224,260.0665,261.9888,1BRS.pdb,screening_000807|VA45K
screening_000813,A,45,43,V,R,VA45R,1.8873,260.0665,261.9537,1BRS.pdb,screening_000813|VA45R
screening_000875,A,49,47,K,A,KA49A,-7.0135,260.0665,253.053,1BRS.pdb,screening_000875|KA49A
screening_000876,A,49,47,K,C,KA49C,-7.0255,260.0665,253.041,1BRS.pdb,screening_000876|KA49C
screening_000877,A,49,47,K,D,KA49D,-2.9739,260.0665,257.0926,1BRS.pdb,screening_000877|KA49D
screening_000878,A,49,47,K,E,KA49E,-1.2406,260.0665,258.8258,1BRS.pdb,screening_000878|KA49E
screening_000879,A,49,47,K,F,KA49F,-6.8347,260.0665,253.2318,1BRS.pdb,screening_000879|KA49F
screening_000880,A,49,47,K,G,KA49G,-3.2584,260.0665,256.808,1BRS.pdb,screening_000880|KA49G
screening_000881,A,49,47,K,H,KA49H,-7.3225,260.0665,252.7439,1BRS.pdb,screening_000881|KA49H
screening_000884,A,49,47,K,M,KA49M,-6.2164,260.0665,253.85,1BRS.pdb,screening_000884|KA49M
screening_000885,A,49,47,K,N,KA49N,-5.1853,260.0665,254.8811,1BRS.pdb,screening_000885|KA49N
screening_000887,A,49,47,K,Q,KA49Q,-6.5312,260.0665,253.5353,1BRS.pdb,screening_000887|KA49Q
screening_000888,A,49,47,K,R,KA49R,-8.8852,260.0665,251.1812,1BRS.pdb,screening_000888|KA49R
screening_000889,A,49,47,K,S,KA49S,-6.1384,260.0665,253.9281,1BRS.pdb,screening_000889|KA49S
screening_000890,A,49,47,K,T,KA49T,-7.144,260.0665,252.9224,1BRS.pdb,screening_000890|KA49T
screening_000893,A,49,47,K,Y,KA49Y,-8.4135,260.0665,251.653,1BRS.pdb,screening_000893|KA49Y
screening_000894,A,50,48,S,A,SA50A,-2.6746,260.0665,257.3918,1BRS.pdb,screening_000894|SA50A
screening_000895,A,50,48,S,C,SA50C,-0.8473,260.0665,259.2191,1BRS.pdb,screening_000895|SA50C
screening_000989,A,55,53,I,A,IA55A,-3.5079,260.0665,256.5585,1BRS.pdb,screening_000989|IA55A
screening_000990,A,55,53,I,C,IA55C,-1.5795,260.0665,258.487,1BRS.pdb,screening_000990|IA55C
screening_000991,A,55,53,I,D,IA55D,-3.1789,260.0665,256.8876,1BRS.pdb,screening_000991|IA55D
screening_000992,A,55,53,I,E,IA55E,-4.1316,260.0665,255.9349,1BRS.pdb,screening_000992|IA55E
screening_000994,A,55,53,I,G,IA55G,-1.7732,260.0665,258.2933,1BRS.pdb,screening_000994|IA55G
screening_000995,A,55,53,I,H,IA55H,-2.0137,260.0665,258.0527,1BRS.pdb,screening_000995|IA55H
screening_000996,A,55,53,I,K,IA55K,-3.63,260.0665,256.4365,1BRS.pdb,screening_000996|IA55K
screening_000997,A,55,53,I,L,IA55L,-3.6793,260.0665,256.3871,1BRS.pdb,screening_000997|IA55L
screening_000998,A,55,53,I,M,IA55M,-2.103,260.0665,257.9635,1BRS.pdb,screening_000998|IA55M
screening_000999,A,55,53,I,N,IA55N,-2.6428,260.0665,257.4237,1BRS.pdb,screening_000999|IA55N
screening_001000,A,55,53,I,P,IA55P,-5.3866,260.0665,254.6799,1BRS.pdb,screening_001000|IA55P
screening_001001,A,55,53,I,Q,IA55Q,-3.0721,260.0665,256.9943,1BRS.pdb,screening_001001|IA55Q
screening_001002,A,55,53,I,R,IA55R,-2.6574,260.0665,257.4091,1BRS.pdb,screening_001002|IA55R
screening_001003,A,55,53,I,S,IA55S,-3.329,260.0665,256.7375,1BRS.pdb,screening_001003|IA55S
screening_001004,A,55,53,I,T,IA55T,-2.9475,260.0665,257.1189,1BRS.pdb,screening_001004|IA55T
screening_001005,A,55,53,I,V,IA55V,-2.6082,260.0665,257.4583,1BRS.pdb,screening_001005|IA55V
screening_001027,A,57,55,S,A,SA57A,-1.2328,260.0665,258.8337,1BRS.pdb,screening_001027|SA57A
screening_001028,A,57,55,S,C,SA57C,0.6739,260.0665,260.7404,1BRS.pdb,screening_001028|SA57C
screening_001029,A,57,55,S,D,SA57D,-0.8576,260.0665,259.2088,1BRS.pdb,screening_001029|SA57D
screening_001030,A,57,55,S,E,SA57E,-1.6328,260.0665,258.4336,1BRS.pdb,screening_001030|SA57E
screening_001031,A,57,55,S,F,SA57F,-0.7219,260.0665,259.3445,1BRS.pdb,screening_001031|SA57F
screening_001032,A,57,55,S,G,SA57G,0.5804,260.0665,260.6468,1BRS.pdb,screening_001032|SA57G
screening_001033,A,57,55,S,H,SA57H,-1.4571,260.0665,258.6094,1BRS.pdb,screening_001033|SA57H
screening_001035,A,57,55,S,K,SA57K,-0.413,260.0665,259.6534,1BRS.pdb,screening_001035|SA57K
screening_001037,A,57,55,S,M,SA57M,-0.2604,260.0665,259.8061,1BRS.pdb,screening_001037|SA57M
screening_001038,A,57,55,S,N,SA57N,-0.3226,260.0665,259.7438,1BRS.pdb,screening_001038|SA57N
screening_001040,A,57,55,S,Q,SA57Q,-1.1235,260.0665,258.943,1BRS.pdb,screening_001040|SA57Q
screening_001041,A,57,55,S,R,SA57R,-0.3989,260.0665,259.6676,1BRS.pdb,screening_001041|SA57R
screening_001044,A,57,55,S,W,SA57W,1.309,260.0665,261.3755,1BRS.pdb,screening_001044|SA57W
screening_001045,A,57,55,S,Y,SA57Y,-1.8674,260.0665,258.1991,1BRS.pdb,screening_001045|SA57Y
screening_001065,A,59,57,R,A,RA59A,0.1431,260.0665,260.2095,1BRS.pdb,screening_001065|RA59A
screening_001069,A,59,57,R,F,RA59F,-0.1741,260.0665,259.8924,1BRS.pdb,screening_001069|RA59F
screening_001071,A,59,57,R,H,RA59H,1.2493,260.0665,261.3157,1BRS.pdb,screening_001071|RA59H
screening_001073,A,59,57,R,K,RA59K,-1.0331,260.0665,259.0333,1BRS.pdb,screening_001073|RA59K
screening_001074,A,59,57,R,L,RA59L,-3.1503,260.0665,256.9162,1BRS.pdb,screening_001074|RA59L
screening_001075,A,59,57,R,M,RA59M,-2.3257,260.0665,257.7408,1BRS.pdb,screening_001075|RA59M
screening_001076,A,59,57,R,N,RA59N,0.5438,260.0665,260.6102,1BRS.pdb,screening_001076|RA59N
screening_001078,A,59,57,R,Q,RA59Q,1.9977,260.0665,262.0642,1BRS.pdb,screening_001078|RA59Q
screening_001079,A,59,57,R,S,RA59S,1.2665,260.0665,261.333,1BRS.pdb,screening_001079|RA59S
screening_001083,A,59,57,R,Y,RA59Y,0.1923,260.0665,260.2587,1BRS.pdb,screening_001083|RA59Y
screening_001106,A,61,59,G,E,GA61E,1.8132,260.0665,261.8796,1BRS.pdb,screening_001106|GA61E
screening_001108,A,61,59,G,H,GA61H,1.0473,260.0665,261.1138,1BRS.pdb,screening_001108|GA61H
screening_001110,A,61,59,G,K,GA61K,0.4092,260.0665,260.4756,1BRS.pdb,screening_001110|GA61K
screening_001113,A,61,59,G,N,GA61N,-0.1242,260.0665,259.9423,1BRS.pdb,screening_001113|GA61N
screening_001115,A,61,59,G,Q,GA61Q,1.194,260.0665,261.2604,1BRS.pdb,screening_001115|GA61Q
screening_001116,A,61,59,G,R,GA61R,1.747,260.0665,261.8135,1BRS.pdb,screening_001116|GA61R
screening_001117,A,61,59,G,S,GA61S,1.8174,260.0665,261.8839,1BRS.pdb,screening_001117|GA61S
screening_001122,A,62,60,K,A,KA62A,-5.3143,260.0665,254.7521,1BRS.pdb,screening_001122|KA62A
screening_001123,A,62,60,K,C,KA62C,-3.7374,260.0665,256.329,1BRS.pdb,screening_001123|KA62C
screening_001124,A,62,60,K,D,KA62D,-3.5831,260.0665,256.4833,1BRS.pdb,screening_001124|KA62D
screening_001125,A,62,60,K,E,KA62E,-5.397,260.0665,254.6694,1BRS.pdb,screening_001125|KA62E
screening_001126,A,62,60,K,F,KA62F,-3.3914,260.0665,256.6751,1BRS.pdb,screening_001126|KA62F
screening_001127,A,62,60,K,G,KA62G,-2.7783,260.0665,257.2881,1BRS.pdb,screening_001127|KA62G
screening_001128,A,62,60,K,H,KA62H,-5.1144,260.0665,254.9521,1BRS.pdb,screening_001128|KA62H
screening_001131,A,62,60,K,M,KA62M,-4.8932,260.0665,255.1732,1BRS.pdb,screening_001131|KA62M
screening_001132,A,62,60,K,N,KA62N,-5.5598,260.0665,254.5066,1BRS.pdb,screening_001132|KA62N
screening_001134,A,62,60,K,Q,KA62Q,-5.9488,260.0665,254.1176,1BRS.pdb,screening_001134|KA62Q
screening_001135,A,62,60,K,R,KA62R,-4.4155,260.0665,255.6509,1BRS.pdb,screening_001135|KA62R
screening_001136,A,62,60,K,S,KA62S,-4.8502,260.0665,255.2162,1BRS.pdb,screening_001136|KA62S
screening_001137,A,62,60,K,T,KA62T,-3.4112,260.0665,256.6552,1BRS.pdb,screening_001137|KA62T
screening_001139,A,62,60,K,W,KA62W,-2.247,260.0665,257.8194,1BRS.pdb,screening_001139|KA62W
screening_001140,A,62,60,K,Y,KA62Y,-2.3811,260.0665,257.6853,1BRS.pdb,screening_001140|KA62Y
screening_001172,A,64,62,P,Q,PA64Q,1.9337,260.0665,262.0001,1BRS.pdb,screening_001172|PA64Q
screening_001179,A,65,63,G,A,GA65A,-0.1407,260.0665,259.9258,1BRS.pdb,screening_001179|GA65A
screening_001180,A,65,63,G,C,GA65C,0.7451,260.0665,260.8115,1BRS.pdb,screening_001180|GA65C
screening_001181,A,65,63,G,D,GA65D,-1.6745,260.0665,258.392,1BRS.pdb,screening_001181|GA65D
screening_001182,A,65,63,G,E,GA65E,-1.3731,260.0665,258.6934,1BRS.pdb,screening_001182|GA65E
screening_001183,A,65,63,G,F,GA65F,1.1172,260.0665,261.1837,1BRS.pdb,screening_001183|GA65F
screening_001184,A,65,63,G,H,GA65H,1.4531,260.0665,261.5196,1BRS.pdb,screening_001184|GA65H
screening_001185,A,65,63,G,I,GA65I,0.1601,260.0665,260.2266,1BRS.pdb,screening_001185|GA65I
screening_001186,A,65,63,G,K,GA65K,-1.817,260.0665,258.2494,1BRS.pdb,screening_001186|GA65K
screening_001188,A,65,63,G,M,GA65M,0.5083,260.0665,260.5747,1BRS.pdb,screening_001188|GA65M
screening_001189,A,65,63,G,N,GA65N,-2.2696,260.0665,257.7968,1BRS.pdb,screening_001189|GA65N
screening_001191,A,65,63,G,Q,GA65Q,-0.8509,260.0665,259.2156,1BRS.pdb,screening_001191|GA65Q
screening_001192,A,65,63,G,R,GA65R,-0.7063,260.0665,259.3602,1BRS.pdb,screening_001192|GA65R
screening_001193,A,65,63,G,S,GA65S,-1.9539,260.0665,258.1126,1BRS.pdb,screening_001193|GA65S
screening_001194,A,65,63,G,T,GA65T,-2.1249,260.0665,257.9416,1BRS.pdb,screening_001194|GA65T
screening_001195,A,65,63,G,V,GA65V,-0.3971,260.0665,259.6694,1BRS.pdb,screening_001195|GA65V
screening_001197,A,65,63,G,Y,GA65Y,0.5514,260.0665,260.6179,1BRS.pdb,screening_001197|GA65Y
screening_001198,A,66,64,K,A,KA66A,-4.8243,260.0665,255.2422,1BRS.pdb,screening_001198|KA66A
screening_001199,A,66,64,K,C,KA66C,-2.2351,260.0665,257.8313,1BRS.pdb,screening_001199|KA66C
screening_001200,A,66,64,K,D,KA66D,-2.5555,260.0665,257.5109,1BRS.pdb,screening_001200|KA66D
screening_001201,A,66,64,K,E,KA66E,-3.6959,260.0665,256.3705,1BRS.pdb,screening_001201|KA66E
screening_001202,A,66,64,K,F,KA66F,-1.4145,260.0665,258.6519,1BRS.pdb,screening_001202|KA66F
screening_001203,A,66,64,K,G,KA66G,-2.2511,260.0665,257.8154,1BRS.pdb,screening_001203|KA66G
screening_001204,A,66,64,K,H,KA66H,-4.6269,260.0665,255.4396,1BRS.pdb,screening_001204|KA66H
screening_001206,A,66,64,K,L,KA66L,-1.6502,260.0665,258.4163,1BRS.pdb,screening_001206|KA66L
screening_001207,A,66,64,K,M,KA66M,-2.6993,260.0665,257.3672,1BRS.pdb,screening_001207|KA66M
screening_001208,A,66,64,K,N,KA66N,-2.5602,260.0665,257.5062,1BRS.pdb,screening_001208|KA66N
screening_001210,A,66,64,K,Q,KA66Q,-3.2933,260.0665,256.7731,1BRS.pdb,screening_001210|KA66Q
screening_001211,A,66,64,K,R,KA66R,-2.6089,260.0665,257.4576,1BRS.pdb,screening_001211|KA66R
screening_001212,A,66,64,K,S,KA66S,-4.7897,260.0665,255.2768,1BRS.pdb,screening_001212|KA66S
screening_001215,A,66,64,K,W,KA66W,-0.1676,260.0665,259.8988,1BRS.pdb,screening_001215|KA66W
screening_001216,A,66,64,K,Y,KA66Y,-2.1033,260.0665,257.9631,1BRS.pdb,screening_001216|KA66Y
screening_001217,A,67,65,S,A,SA67A,0.7777,260.0665,260.8442,1BRS.pdb,screening_001217|SA67A
screening_001219,A,67,65,S,D,SA67D,-0.5389,260.0665,259.5276,1BRS.pdb,screening_001219|SA67D
screening_001220,A,67,65,S,E,SA67E,-0.9192,260.0665,259.1473,1BRS.pdb,screening_001220|SA67E
screening_001221,A,67,65,S,F,SA67F,1.885,260.0665,261.9514,1BRS.pdb,screening_001221|SA67F
screening_001223,A,67,65,S,H,SA67H,0.708,260.0665,260.7745,1BRS.pdb,screening_001223|SA67H
screening_001224,A,67,65,S,I,SA67I,0.8423,260.0665,260.9088,1BRS.pdb,screening_001224|SA67I
screening_001225,A,67,65,S,K,SA67K,-0.5148,260.0665,259.5516,1BRS.pdb,screening_001225|SA67K
screening_001226,A,67,65,S,L,SA67L,0.7197,260.0665,260.7862,1BRS.pdb,screening_001226|SA67L
screening_001228,A,67,65,S,N,SA67N,0.2224,260.0665,260.2889,1BRS.pdb,screening_001228|SA67N
screening_001229,A,67,65,S,P,SA67P,0.6875,260.0665,260.7539,1BRS.pdb,screening_001229|SA67P
screening_001230,A,67,65,S,Q,SA67Q,0.1624,260.0665,260.2288,1BRS.pdb,screening_001230|SA67Q
screening_001231,A,67,65,S,R,SA67R,0.8061,260.0665,260.8725,1BRS.pdb,screening_001231|SA67R
screening_001232,A,67,65,S,T,SA67T,0.023,260.0665,260.0894,1BRS.pdb,screening_001232|SA67T
screening_001233,A,67,65,S,V,SA67V,0.7659,260.0665,260.8324,1BRS.pdb,screening_001233|SA67V
screening_001235,A,67,65,S,Y,SA67Y,1.1154,260.0665,261.1818,1BRS.pdb,screening_001235|SA67Y
screening_001274,A,70,68,T,A,TA70A,-0.4985,260.0665,259.568,1BRS.pdb,screening_001274|TA70A
screening_001275,A,70,68,T,C,TA70C,0.8535,260.0665,260.9199,1BRS.pdb,screening_001275|TA70C
screening_001276,A,70,68,T,D,TA70D,0.8183,260.0665,260.8847,1BRS.pdb,screening_001276|TA70D
screening_001277,A,70,68,T,E,TA70E,-2.394,260.0665,257.6724,1BRS.pdb,screening_001277|TA70E
screening_001278,A,70,68,T,F,TA70F,-1.5374,260.0665,258.529,1BRS.pdb,screening_001278|TA70F
screening_001279,A,70,68,T,G,TA70G,1.5836,260.0665,261.65,1BRS.pdb,screening_001279|TA70G
screening_001280,A,70,68,T,H,TA70H,-1.3171,260.0665,258.7493,1BRS.pdb,screening_001280|TA70H
screening_001281,A,70,68,T,I,TA70I,0.0877,260.0665,260.1541,1BRS.pdb,screening_001281|TA70I
screening_001282,A,70,68,T,K,TA70K,-2.174,260.0665,257.8924,1BRS.pdb,screening_001282|TA70K
screening_001283,A,70,68,T,L,TA70L,-1.7089,260.0665,258.3575,1BRS.pdb,screening_001283|TA70L
screening_001284,A,70,68,T,M,TA70M,-0.6805,260.0665,259.3859,1BRS.pdb,screening_001284|TA70M
screening_001285,A,70,68,T,N,TA70N,-0.5272,260.0665,259.5393,1BRS.pdb,screening_001285|TA70N
screening_001287,A,70,68,T,Q,TA70Q,-1.655,260.0665,258.4114,1BRS.pdb,screening_001287|TA70Q
screening_001288,A,70,68,T,R,TA70R,-0.8623,260.0665,259.2042,1BRS.pdb,screening_001288|TA70R
screening_001289,A,70,68,T,S,TA70S,-1.2407,260.0665,258.8258,1BRS.pdb,screening_001289|TA70S
screening_001290,A,70,68,T,V,TA70V,1.8553,260.0665,261.9218,1BRS.pdb,screening_001290|TA70V
screening_001291,A,70,68,T,W,TA70W,-0.348,260.0665,259.7184,1BRS.pdb,screening_001291|TA70W
screening_001292,A,70,68,T,Y,TA70Y,-2.3407,260.0665,257.7258,1BRS.pdb,screening_001292|TA70Y
screening_001312,A,72,70,R,A,RA72A,0.2606,260.0665,260.327,1BRS.pdb,screening_001312|RA72A
screening_001320,A,72,70,R,K,RA72K,-0.2213,260.0665,259.8452,1BRS.pdb,screening_001320|RA72K
screening_001322,A,72,70,R,M,RA72M,1.4795,260.0665,261.546,1BRS.pdb,screening_001322|RA72M
screening_001325,A,72,70,R,Q,RA72Q,0.4557,260.0665,260.5222,1BRS.pdb,screening_001325|RA72Q
screening_001326,A,72,70,R,S,RA72S,1.9104,260.0665,261.9769,1BRS.pdb,screening_001326|RA72S
screening_001331,A,73,71,E,A,EA73A,1.0678,260.0665,261.1343,1BRS.pdb,screening_001331|EA73A
screening_001332,A,73,71,E,C,EA73C,1.9984,260.0665,262.0649,1BRS.pdb,screening_001332|EA73C
screening_001336,A,73,71,E,H,EA73H,0.6658,260.0665,260.7322,1BRS.pdb,screening_001336|EA73H
screening_001339,A,73,71,E,L,EA73L,1.3971,260.0665,261.4635,1BRS.pdb,screening_001339|EA73L
screening_001340,A,73,71,E,M,EA73M,1.6008,260.0665,261.6672,1BRS.pdb,screening_001340|EA73M
screening_001343,A,73,71,E,Q,EA73Q,1.9997,260.0665,262.0661,1BRS.pdb,screening_001343|EA73Q
screening_001345,A,73,71,E,S,EA73S,0.6399,260.0665,260.7064,1BRS.pdb,screening_001345|EA73S
screening_001346,A,73,71,E,T,EA73T,1.3415,260.0665,261.4079,1BRS.pdb,screening_001346|EA73T
screening_001404,A,76,74,I,V,IA76V,0.6764,260.0665,260.7428,1BRS.pdb,screening_001404|IA76V
screening_001430,A,78,76,Y,F,YA78F,-2.6737,260.0665,257.3927,1BRS.pdb,screening_001430|YA78F
screening_001432,A,78,76,Y,H,YA78H,0.4115,260.0665,260.4779,1BRS.pdb,screening_001432|YA78H
screening_001435,A,78,76,Y,L,YA78L,-1.3515,260.0665,258.7149,1BRS.pdb,screening_001435|YA78L
screening_001436,A,78,76,Y,M,YA78M,0.987,260.0665,261.0534,1BRS.pdb,screening_001436|YA78M
screening_001441,A,78,76,Y,S,YA78S,1.9042,260.0665,261.9706,1BRS.pdb,screening_001441|YA78S
screening_001443,A,78,76,Y,V,YA78V,-0.0717,260.0665,259.9948,1BRS.pdb,screening_001443|YA78V
screening_001445,A,79,77,T,A,TA79A,1.013,260.0665,261.0795,1BRS.pdb,screening_001445|TA79A
screening_001446,A,79,77,T,C,TA79C,1.3763,260.0665,261.4427,1BRS.pdb,screening_001446|TA79C
screening_001447,A,79,77,T,D,TA79D,1.1671,260.0665,261.2336,1BRS.pdb,screening_001447|TA79D
screening_001448,A,79,77,T,E,TA79E,-1.0418,260.0665,259.0246,1BRS.pdb,screening_001448|TA79E
screening_001449,A,79,77,T,F,TA79F,-1.1068,260.0665,258.9597,1BRS.pdb,screening_001449|TA79F
screening_001451,A,79,77,T,H,TA79H,-0.5539,260.0665,259.5126,1BRS.pdb,screening_001451|TA79H
screening_001452,A,79,77,T,I,TA79I,-2.2604,260.0665,257.806,1BRS.pdb,screening_001452|TA79I
screening_001453,A,79,77,T,K,TA79K,0.0873,260.0665,260.1538,1BRS.pdb,screening_001453|TA79K
screening_001454,A,79,77,T,L,TA79L,-1.8934,260.0665,258.173,1BRS.pdb,screening_001454|TA79L
screening_001456,A,79,77,T,N,TA79N,0.0399,260.0665,260.1063,1BRS.pdb,screening_001456|TA79N
screening_001458,A,79,77,T,Q,TA79Q,0.3507,260.0665,260.4172,1BRS.pdb,screening_001458|TA79Q
screening_001459,A,79,77,T,R,TA79R,-0.048,260.0665,260.0185,1BRS.pdb,screening_001459|TA79R
screening_001460,A,79,77,T,S,TA79S,0.1269,260.0665,260.1934,1BRS.pdb,screening_001460|TA79S
screening_001461,A,79,77,T,V,TA79V,-2.1495,260.0665,257.9169,1BRS.pdb,screening_001461|TA79V
screening_001463,A,79,77,T,Y,TA79Y,-2.412,260.0665,257.6544,1BRS.pdb,screening_001463|TA79Y
screening_001464,A,80,78,S,A,SA80A,0.4172,260.0665,260.4837,1BRS.pdb,screening_001464|SA80A
screening_001467,A,80,78,S,E,SA80E,0.8704,260.0665,260.9369,1BRS.pdb,screening_001467|SA80E
screening_001468,A,80,78,S,F,SA80F,1.0782,260.0665,261.1446,1BRS.pdb,screening_001468|SA80F
screening_001469,A,80,78,S,G,SA80G,1.1977,260.0665,261.2641,1BRS.pdb,screening_001469|SA80G
screening_001470,A,80,78,S,H,SA80H,1.8902,260.0665,261.9566,1BRS.pdb,screening_001470|SA80H
screening_001472,A,80,78,S,K,SA80K,0.855,260.0665,260.9215,1BRS.pdb,screening_001472|SA80K
screening_001475,A,80,78,S,N,SA80N,1.5794,260.0665,261.6458,1BRS.pdb,screening_001475|SA80N
screening_001477,A,80,78,S,Q,SA80Q,1.4917,260.0665,261.5581,1BRS.pdb,screening_001477|SA80Q
screening_001478,A,80,78,S,R,SA80R,1.2024,260.0665,261.2689,1BRS.pdb,screening_001478|SA80R
screening_001482,A,80,78,S,Y,SA80Y,0.9122,260.0665,260.9787,1BRS.pdb,screening_001482|SA80Y
screening_001502,A,82,80,F,A,FA82A,0.3976,260.0665,260.4641,1BRS.pdb,screening_001502|FA82A
screening_001504,A,82,80,F,D,FA82D,0.9937,260.0665,261.0601,1BRS.pdb,screening_001504|FA82D
screening_001505,A,82,80,F,E,FA82E,0.4266,260.0665,260.493,1BRS.pdb,screening_001505|FA82E
screening_001507,A,82,80,F,H,FA82H,-0.6279,260.0665,259.4385,1BRS.pdb,screening_001507|FA82H
screening_001509,A,82,80,F,K,FA82K,-0.0003,260.0665,260.0662,1BRS.pdb,screening_001509|FA82K
screening_001510,A,82,80,F,L,FA82L,-0.0502,260.0665,260.0163,1BRS.pdb,screening_001510|FA82L
screening_001511,A,82,80,F,M,FA82M,-1.0716,260.0665,258.9949,1BRS.pdb,screening_001511|FA82M
screening_001512,A,82,80,F,N,FA82N,0.3427,260.0665,260.4092,1BRS.pdb,screening_001512|FA82N
screening_001513,A,82,80,F,P,FA82P,-2.8387,260.0665,257.2278,1BRS.pdb,screening_001513|FA82P
screening_001514,A,82,80,F,Q,FA82Q,-0.501,260.0665,259.5655,1BRS.pdb,screening_001514|FA82Q
screening_001515,A,82,80,F,R,FA82R,1.3421,260.0665,261.4085,1BRS.pdb,screening_001515|FA82R
screening_001516,A,82,80,F,S,FA82S,-0.6879,260.0665,259.3785,1BRS.pdb,screening_001516|FA82S
screening_001517,A,82,80,F,T,FA82T,-0.1329,260.0665,259.9336,1BRS.pdb,screening_001517|FA82T
screening_001518,A,82,80,F,V,FA82V,1.0337,260.0665,261.1002,1BRS.pdb,screening_001518|FA82V
screening_001520,A,82,80,F,Y,FA82Y,-2.8944,260.0665,257.1721,1BRS.pdb,screening_001520|FA82Y
screening_001554,A,84,82,N,S,NA84S,1.793,260.0665,261.8595,1BRS.pdb,screening_001554|NA84S
screening_001559,A,85,83,S,A,SA85A,-1.4211,260.0665,258.6453,1BRS.pdb,screening_001559|SA85A
screening_001560,A,85,83,S,C,SA85C,0.851,260.0665,260.9175,1BRS.pdb,screening_001560|SA85C
screening_001564,A,85,83,S,G,SA85G,0.9487,260.0665,261.0152,1BRS.pdb,screening_001564|SA85G
screening_001567,A,85,83,S,K,SA85K,1.2975,260.0665,261.3639,1BRS.pdb,screening_001567|SA85K
screening_001570,A,85,83,S,N,SA85N,-0.1558,260.0665,259.9106,1BRS.pdb,screening_001570|SA85N
screening_001572,A,85,83,S,Q,SA85Q,-0.7397,260.0665,259.3267,1BRS.pdb,screening_001572|SA85Q
screening_001573,A,85,83,S,R,SA85R,0.7807,260.0665,260.8471,1BRS.pdb,screening_001573|SA85R
screening_001578,A,86,84,D,A,DA86A,-0.6816,260.0665,259.3848,1BRS.pdb,screening_001578|DA86A
screening_001579,A,86,84,D,C,DA86C,-0.1125,260.0665,259.954,1BRS.pdb,screening_001579|DA86C
screening_001583,A,86,84,D,H,DA86H,-1.4918,260.0665,258.5746,1BRS.pdb,screening_001583|DA86H
screening_001590,A,86,84,D,Q,DA86Q,1.3985,260.0665,261.4649,1BRS.pdb,screening_001590|DA86Q
screening_001592,A,86,84,D,S,DA86S,1.0587,260.0665,261.1252,1BRS.pdb,screening_001592|DA86S
screening_001597,A,87,85,R,A,RA87A,-0.8215,260.0665,259.245,1BRS.pdb,screening_001597|RA87A
screening_001598,A,87,85,R,C,RA87C,1.7178,260.0665,261.7842,1BRS.pdb,screening_001598|RA87C
screening_001601,A,87,85,R,F,RA87F,1.2867,260.0665,261.3532,1BRS.pdb,screening_001601|RA87F
screening_001603,A,87,85,R,H,RA87H,-1.2398,260.0665,258.8267,1BRS.pdb,screening_001603|RA87H
screening_001604,A,87,85,R,I,RA87I,0.2147,260.0665,260.2811,1BRS.pdb,screening_001604|RA87I
screening_001607,A,87,85,R,M,RA87M,0.4176,260.0665,260.484,1BRS.pdb,screening_001607|RA87M
screening_001608,A,87,85,R,N,RA87N,1.8622,260.0665,261.9287,1BRS.pdb,screening_001608|RA87N
screening_001611,A,87,85,R,S,RA87S,0.9626,260.0665,261.029,1BRS.pdb,screening_001611|RA87S
screening_001612,A,87,85,R,T,RA87T,0.9003,260.0665,260.9667,1BRS.pdb,screening_001612|RA87T
screening_001613,A,87,85,R,V,RA87V,-0.7555,260.0665,259.311,1BRS.pdb,screening_001613|RA87V
screening_001624,A,88,86,I,L,IA88L,-0.1953,260.0665,259.8712,1BRS.pdb,screening_001624|IA88L
screening_001671,A,90,88,Y,V,YA90V,1.1961,260.0665,261.2625,1BRS.pdb,screening_001671|YA90V
screening_001673,A,91,89,S,A,SA91A,-5.2516,260.0665,254.8148,1BRS.pdb,screening_001673|SA91A
screening_001678,A,91,89,S,G,SA91G,-1.2148,260.0665,258.8516,1BRS.pdb,screening_001678|SA91G
screening_001692,A,92,90,S,A,SA92A,1.3673,260.0665,261.4338,1BRS.pdb,screening_001692|SA92A
screening_001713,A,93,91,D,E,DA93E,-0.1008,260.0665,259.9657,1BRS.pdb,screening_001713|DA93E
screening_001714,A,93,91,D,F,DA93F,0.3474,260.0665,260.4138,1BRS.pdb,screening_001714|DA93F
screening_001716,A,93,91,D,H,DA93H,0.3466,260.0665,260.413,1BRS.pdb,screening_001716|DA93H
screening_001718,A,93,91,D,K,DA93K,1.2895,260.0665,261.3559,1BRS.pdb,screening_001718|DA93K
screening_001719,A,93,91,D,L,DA93L,0.858,260.0665,260.9244,1BRS.pdb,screening_001719|DA93L
screening_001721,A,93,91,D,N,DA93N,1.0832,260.0665,261.1496,1BRS.pdb,screening_001721|DA93N
screening_001723,A,93,91,D,Q,DA93Q,0.3278,260.0665,260.3943,1BRS.pdb,screening_001723|DA93Q
screening_001725,A,93,91,D,S,DA93S,1.49,260.0665,261.5564,1BRS.pdb,screening_001725|DA93S
screening_001726,A,93,91,D,T,DA93T,1.3787,260.0665,261.4451,1BRS.pdb,screening_001726|DA93T
screening_001727,A,93,91,D,V,DA93V,0.5779,260.0665,260.6444,1BRS.pdb,screening_001727|DA93V
screening_001729,A,93,91,D,Y,DA93Y,0.1183,260.0665,260.1848,1BRS.pdb,screening_001729|DA93Y
screening_001749,A,95,93,L,A,LA95A,0.4469,260.0665,260.5133,1BRS.pdb,screening_001749|LA95A
screening_001750,A,95,93,L,C,LA95C,1.6285,260.0665,261.6949,1BRS.pdb,screening_001750|LA95C
screening_001752,A,95,93,L,E,LA95E,0.9907,260.0665,261.0571,1BRS.pdb,screening_001752|LA95E
screening_001755,A,95,93,L,H,LA95H,1.9729,260.0665,262.0394,1BRS.pdb,screening_001755|LA95H
screening_001758,A,95,93,L,M,LA95M,0.8451,260.0665,260.9116,1BRS.pdb,screening_001758|LA95M
screening_001759,A,95,93,L,N,LA95N,0.4713,260.0665,260.5377,1BRS.pdb,screening_001759|LA95N
screening_001761,A,95,93,L,Q,LA95Q,-0.4227,260.0665,259.6438,1BRS.pdb,screening_001761|LA95Q
screening_001763,A,95,93,L,S,LA95S,1.3141,260.0665,261.3805,1BRS.pdb,screening_001763|LA95S
screening_001784,A,96,94,I,V,IA96V,-0.4678,260.0665,259.5987,1BRS.pdb,screening_001784|IA96V
screening_001806,A,98,96,K,A,KA98A,0.7745,260.0665,260.8409,1BRS.pdb,screening_001806|KA98A
screening_001809,A,98,96,K,E,KA98E,1.7396,260.0665,261.8061,1BRS.pdb,screening_001809|KA98E
screening_001815,A,98,96,K,M,KA98M,-0.4329,260.0665,259.6336,1BRS.pdb,screening_001815|KA98M
screening_001818,A,98,96,K,Q,KA98Q,0.0156,260.0665,260.0821,1BRS.pdb,screening_001818|KA98Q
screening_001819,A,98,96,K,R,KA98R,0.6767,260.0665,260.7431,1BRS.pdb,screening_001819|KA98R
screening_001820,A,98,96,K,S,KA98S,1.7784,260.0665,261.8449,1BRS.pdb,screening_001820|KA98S
screening_001825,A,99,97,T,A,TA99A,-1.5299,260.0665,258.5365,1BRS.pdb,screening_001825|TA99A
screening_001840,A,99,97,T,S,TA99S,-0.7003,260.0665,259.3662,1BRS.pdb,screening_001840|TA99S
screening_001847,A,100,98,T,E,TA100E,-0.8909,260.0665,259.1755,1BRS.pdb,screening_001847|TA100E
screening_001851,A,100,98,T,I,TA100I,1.4219,260.0665,261.4884,1BRS.pdb,screening_001851|TA100I
screening_001857,A,100,98,T,Q,TA100Q,1.5393,260.0665,261.6058,1BRS.pdb,screening_001857|TA100Q
screening_001859,A,100,98,T,S,TA100S,0.8373,260.0665,260.9038,1BRS.pdb,screening_001859|TA100S
screening_001860,A,100,98,T,V,TA100V,0.906,260.0665,260.9725,1BRS.pdb,screening_001860|TA100V
screening_001920,A,104,102,Q,A,QA104A,-3.3173,260.0665,256.7492,1BRS.pdb,screening_001920|QA104A
screening_001921,A,104,102,Q,C,QA104C,-1.5614,260.0665,258.505,1BRS.pdb,screening_001921|QA104C
screening_001922,A,104,102,Q,D,QA104D,-1.4923,260.0665,258.5741,1BRS.pdb,screening_001922|QA104D
screening_001923,A,104,102,Q,E,QA104E,-2.6201,260.0665,257.4464,1BRS.pdb,screening_001923|QA104E
screening_001924,A,104,102,Q,F,QA104F,-1.0205,260.0665,259.0459,1BRS.pdb,screening_001924|QA104F
screening_001925,A,104,102,Q,G,QA104G,-1.313,260.0665,258.7534,1BRS.pdb,screening_001925|QA104G
screening_001926,A,104,102,Q,H,QA104H,-1.9556,260.0665,258.1108,1BRS.pdb,screening_001926|QA104H
screening_001927,A,104,102,Q,I,QA104I,-3.0592,260.0665,257.0072,1BRS.pdb,screening_001927|QA104I
screening_001928,A,104,102,Q,K,QA104K,-3.8144,260.0665,256.2521,1BRS.pdb,screening_001928|QA104K
screening_001929,A,104,102,Q,L,QA104L,-2.4386,260.0665,257.6278,1BRS.pdb,screening_001929|QA104L
screening_001930,A,104,102,Q,M,QA104M,-2.5323,260.0665,257.5342,1BRS.pdb,screening_001930|QA104M
screening_001931,A,104,102,Q,N,QA104N,-1.9574,260.0665,258.109,1BRS.pdb,screening_001931|QA104N
screening_001933,A,104,102,Q,R,QA104R,-5.0169,260.0665,255.0495,1BRS.pdb,screening_001933|QA104R
screening_001934,A,104,102,Q,S,QA104S,-2.8681,260.0665,257.1984,1BRS.pdb,screening_001934|QA104S
screening_001935,A,104,102,Q,T,QA104T,-3.1225,260.0665,256.9439,1BRS.pdb,screening_001935|QA104T
screening_001936,A,104,102,Q,V,QA104V,-3.6876,260.0665,256.3788,1BRS.pdb,screening_001936|QA104V
screening_001937,A,104,102,Q,W,QA104W,0.2241,260.0665,260.2905,1BRS.pdb,screening_001937|QA104W
screening_001938,A,104,102,Q,Y,QA104Y,-1.3513,260.0665,258.7152,1BRS.pdb,screening_001938|QA104Y
screening_001939,A,105,103,T,A,TA105A,-0.4127,260.0665,259.6538,1BRS.pdb,screening_001939|TA105A
screening_001940,A,105,103,T,C,TA105C,1.7095,260.0665,261.776,1BRS.pdb,screening_001940|TA105C
screening_001942,A,105,103,T,E,TA105E,0.0443,260.0665,260.1108,1BRS.pdb,screening_001942|TA105E
screening_001943,A,105,103,T,F,TA105F,-0.2729,260.0665,259.7936,1BRS.pdb,screening_001943|TA105F
screening_001944,A,105,103,T,G,TA105G,1.1109,260.0665,261.1773,1BRS.pdb,screening_001944|TA105G
screening_001945,A,105,103,T,H,TA105H,-1.6134,260.0665,258.453,1BRS.pdb,screening_001945|TA105H
screening_001947,A,105,103,T,K,TA105K,-1.1541,260.0665,258.9124,1BRS.pdb,screening_001947|TA105K
screening_001948,A,105,103,T,L,TA105L,0.2611,260.0665,260.3275,1BRS.pdb,screening_001948|TA105L
screening_001949,A,105,103,T,M,TA105M,1.3158,260.0665,261.3823,1BRS.pdb,screening_001949|TA105M
screening_001950,A,105,103,T,N,TA105N,-1.613,260.0665,258.4535,1BRS.pdb,screening_001950|TA105N
screening_001952,A,105,103,T,Q,TA105Q,-0.9584,260.0665,259.108,1BRS.pdb,screening_001952|TA105Q
screening_001953,A,105,103,T,R,TA105R,-2.3222,260.0665,257.7443,1BRS.pdb,screening_001953|TA105R
screening_001954,A,105,103,T,S,TA105S,-2.7651,260.0665,257.3013,1BRS.pdb,screening_001954|TA105S
screening_001956,A,105,103,T,W,TA105W,1.1879,260.0665,261.2543,1BRS.pdb,screening_001956|TA105W
screening_001957,A,105,103,T,Y,TA105Y,-0.7764,260.0665,259.2901,1BRS.pdb,screening_001957|TA105Y
screening_001980,A,107,105,T,E,TA107E,-0.9543,260.0665,259.1121,1BRS.pdb,screening_001980|TA107E
screening_001981,A,107,105,T,F,TA107F,1.7281,260.0665,261.7946,1BRS.pdb,screening_001981|TA107F
screening_001983,A,107,105,T,H,TA107H,1.1075,260.0665,261.174,1BRS.pdb,screening_001983|TA107H
screening_001984,A,107,105,T,I,TA107I,0.382,260.0665,260.4485,1BRS.pdb,screening_001984|TA107I
screening_001990,A,107,105,T,Q,TA107Q,0.806,260.0665,260.8724,1BRS.pdb,screening_001990|TA107Q
screening_001992,A,107,105,T,S,TA107S,0.949,260.0665,261.0154,1BRS.pdb,screening_001992|TA107S
screening_001993,A,107,105,T,V,TA107V,-0.4403,260.0665,259.6261,1BRS.pdb,screening_001993|TA107V
screening_001995,A,107,105,T,Y,TA107Y,0.7988,260.0665,260.8653,1BRS.pdb,screening_001995|TA107Y
screening_001996,A,108,106,K,A,KA108A,0.09,260.0665,260.1564,1BRS.pdb,screening_001996|KA108A
screening_001997,A,108,106,K,C,KA108C,0.4749,260.0665,260.5414,1BRS.pdb,screening_001997|KA108C
screening_002005,A,108,106,K,M,KA108M,-0.6192,260.0665,259.4472,1BRS.pdb,screening_002005|KA108M
screening_002007,A,108,106,K,P,KA108P,1.1163,260.0665,261.1827,1BRS.pdb,screening_002007|KA108P
screening_002008,A,108,106,K,Q,KA108Q,-0.6119,260.0665,259.4546,1BRS.pdb,screening_002008|KA108Q
screening_002009,A,108,106,K,R,KA108R,-2.3374,260.0665,257.7291,1BRS.pdb,screening_002009|KA108R
screening_002010,A,108,106,K,S,KA108S,1.7093,260.0665,261.7757,1BRS.pdb,screening_002010|KA108S
