id,fasta
screening_000001|VA3A,filtered_candidates.fasta
screening_000002|VA3C,filtered_candidates.fasta
screening_000004|VA3E,filtered_candidates.fasta
screening_000006|VA3G,filtered_candidates.fasta
screening_000008|VA3I,filtered_candidates.fasta
screening_000009|VA3K,filtered_candidates.fasta
screening_000010|VA3L,filtered_candidates.fasta
screening_000011|VA3M,filtered_candidates.fasta
screening_000012|VA3N,filtered_candidates.fasta
screening_000014|VA3Q,filtered_candidates.fasta
screening_000015|VA3R,filtered_candidates.fasta
screening_000016|VA3S,filtered_candidates.fasta
screening_000017|VA3T,filtered_candidates.fasta
screening_000035|IA4T,filtered_candidates.fasta
screening_000036|IA4V,filtered_candidates.fasta
screening_000039|NA5A,filtered_candidates.fasta
screening_000053|NA5S,filtered_candidates.fasta
screening_000058|TA6A,filtered_candidates.fasta
screening_000060|TA6D,filtered_candidates.fasta
screening_000066|TA6K,filtered_candidates.fasta
screening_000068|TA6M,filtered_candidates.fasta
screening_000069|TA6N,filtered_candidates.fasta
screening_000071|TA6Q,filtered_candidates.fasta
screening_000072|TA6R,filtered_candidates.fasta
screening_000073|TA6S,filtered_candidates.fasta
screening_000098|DA8E,filtered_candidates.fasta
screening_000106|DA8N,filtered_candidates.fasta
screening_000172|DA12A,filtered_candidates.fasta
screening_000174|DA12E,filtered_candidates.fasta
screening_000179|DA12K,filtered_candidates.fasta
screening_000180|DA12L,filtered_candidates.fasta
screening_000182|DA12N,filtered_candidates.fasta
screening_000184|DA12Q,filtered_candidates.fasta
screening_000186|DA12S,filtered_candidates.fasta
screening_000187|DA12T,filtered_candidates.fasta
screening_000229|QA15A,filtered_candidates.fasta
screening_000230|QA15C,filtered_candidates.fasta
screening_000231|QA15D,filtered_candidates.fasta
screening_000232|QA15E,filtered_candidates.fasta
screening_000234|QA15G,filtered_candidates.fasta
screening_000236|QA15I,filtered_candidates.fasta
screening_000237|QA15K,filtered_candidates.fasta
screening_000238|QA15L,filtered_candidates.fasta
screening_000239|QA15M,filtered_candidates.fasta
screening_000240|QA15N,filtered_candidates.fasta
screening_000242|QA15R,filtered_candidates.fasta
screening_000243|QA15S,filtered_candidates.fasta
screening_000244|QA15T,filtered_candidates.fasta
screening_000245|QA15V,filtered_candidates.fasta
screening_000248|TA16A,filtered_candidates.fasta
screening_000249|TA16C,filtered_candidates.fasta
screening_000250|TA16D,filtered_candidates.fasta
screening_000251|TA16E,filtered_candidates.fasta
screening_000252|TA16F,filtered_candidates.fasta
screening_000253|TA16G,filtered_candidates.fasta
screening_000254|TA16H,filtered_candidates.fasta
screening_000255|TA16I,filtered_candidates.fasta
screening_000256|TA16K,filtered_candidates.fasta
screening_000257|TA16L,filtered_candidates.fasta
screening_000258|TA16M,filtered_candidates.fasta
screening_000259|TA16N,filtered_candidates.fasta
screening_000261|TA16Q,filtered_candidates.fasta
screening_000262|TA16R,filtered_candidates.fasta
screening_000263|TA16S,filtered_candidates.fasta
screening_000264|TA16V,filtered_candidates.fasta
screening_000265|TA16W,filtered_candidates.fasta
screening_000266|TA16Y,filtered_candidates.fasta
screening_000271|YA17F,filtered_candidates.fasta
screening_000273|YA17H,filtered_candidates.fasta
screening_000286|HA18A,filtered_candidates.fasta
screening_000287|HA18C,filtered_candidates.fasta
screening_000288|HA18D,filtered_candidates.fasta
screening_000289|HA18E,filtered_candidates.fasta
screening_000290|HA18F,filtered_candidates.fasta
screening_000291|HA18G,filtered_candidates.fasta
screening_000293|HA18K,filtered_candidates.fasta
screening_000294|HA18L,filtered_candidates.fasta
screening_000295|HA18M,filtered_candidates.fasta
screening_000296|HA18N,filtered_candidates.fasta
screening_000298|HA18Q,filtered_candidates.fasta
screening_000299|HA18R,filtered_candidates.fasta
screening_000300|HA18S,filtered_candidates.fasta
screening_000301|HA18T,filtered_candidates.fasta
screening_000303|HA18W,filtered_candidates.fasta
screening_000304|HA18Y,filtered_candidates.fasta
screening_000305|KA19A,filtered_candidates.fasta
screening_000306|KA19C,filtered_candidates.fasta
screening_000307|KA19D,filtered_candidates.fasta
screening_000308|KA19E,filtered_candidates.fasta
screening_000310|KA19G,filtered_candidates.fasta
screening_000311|KA19H,filtered_candidates.fasta
screening_000312|KA19I,filtered_candidates.fasta
screening_000314|KA19M,filtered_candidates.fasta
screening_000315|KA19N,filtered_candidates.fasta
screening_000317|KA19Q,filtered_candidates.fasta
screening_000318|KA19R,filtered_candidates.fasta
screening_000319|KA19S,filtered_candidates.fasta
screening_000320|KA19T,filtered_candidates.fasta
screening_000321|KA19V,filtered_candidates.fasta
screening_000343|PA21A,filtered_candidates.fasta
screening_000344|PA21C,filtered_candidates.fasta
screening_000345|PA21D,filtered_candidates.fasta
screening_000348|PA21G,filtered_candidates.fasta
screening_000357|PA21S,filtered_candidates.fasta
screening_000358|PA21T,filtered_candidates.fasta
screening_000362|DA22A,filtered_candidates.fasta
screening_000364|DA22E,filtered_candidates.fasta
screening_000366|DA22G,filtered_candidates.fasta
screening_000367|DA22H,filtered_candidates.fasta
screening_000369|DA22K,filtered_candidates.fasta
screening_000370|DA22L,filtered_candidates.fasta
screening_000371|DA22M,filtered_candidates.fasta
screening_000372|DA22N,filtered_candidates.fasta
screening_000374|DA22Q,filtered_candidates.fasta
screening_000375|DA22R,filtered_candidates.fasta
screening_000376|DA22S,filtered_candidates.fasta
screening_000377|DA22T,filtered_candidates.fasta
screening_000381|NA23A,filtered_candidates.fasta
screening_000382|NA23C,filtered_candidates.fasta
screening_000383|NA23D,filtered_candidates.fasta
screening_000384|NA23E,filtered_candidates.fasta
screening_000385|NA23F,filtered_candidates.fasta
screening_000386|NA23G,filtered_candidates.fasta
screening_000387|NA23H,filtered_candidates.fasta
screening_000388|NA23I,filtered_candidates.fasta
screening_000389|NA23K,filtered_candidates.fasta
screening_000391|NA23M,filtered_candidates.fasta
screening_000393|NA23Q,filtered_candidates.fasta
screening_000394|NA23R,filtered_candidates.fasta
screening_000395|NA23S,filtered_candidates.fasta
screening_000396|NA23T,filtered_candidates.fasta
screening_000397|NA23V,filtered_candidates.fasta
screening_000398|NA23W,filtered_candidates.fasta
screening_000399|NA23Y,filtered_candidates.fasta
screening_000422|IA25E,filtered_candidates.fasta
screening_000434|IA25T,filtered_candidates.fasta
screening_000435|IA25V,filtered_candidates.fasta
screening_000438|TA26A,filtered_candidates.fasta
screening_000439|TA26C,filtered_candidates.fasta
screening_000443|TA26G,filtered_candidates.fasta
screening_000446|TA26K,filtered_candidates.fasta
screening_000447|TA26L,filtered_candidates.fasta
screening_000448|TA26M,filtered_candidates.fasta
screening_000449|TA26N,filtered_candidates.fasta
screening_000451|TA26Q,filtered_candidates.fasta
screening_000452|TA26R,filtered_candidates.fasta
screening_000453|TA26S,filtered_candidates.fasta
screening_000457|KA27A,filtered_candidates.fasta
screening_000458|KA27C,filtered_candidates.fasta
screening_000466|KA27M,filtered_candidates.fasta
screening_000469|KA27Q,filtered_candidates.fasta
screening_000470|KA27R,filtered_candidates.fasta
screening_000471|KA27S,filtered_candidates.fasta
screening_000476|SA28A,filtered_candidates.fasta
screening_000477|SA28C,filtered_candidates.fasta
screening_000478|SA28D,filtered_candidates.fasta
screening_000479|SA28E,filtered_candidates.fasta
screening_000480|SA28F,filtered_candidates.fasta
screening_000481|SA28G,filtered_candidates.fasta
screening_000482|SA28H,filtered_candidates.fasta
screening_000483|SA28I,filtered_candidates.fasta
screening_000484|SA28K,filtered_candidates.fasta
screening_000485|SA28L,filtered_candidates.fasta
screening_000486|SA28M,filtered_candidates.fasta
screening_000487|SA28N,filtered_candidates.fasta
screening_000489|SA28Q,filtered_candidates.fasta
screening_000490|SA28R,filtered_candidates.fasta
screening_000491|SA28T,filtered_candidates.fasta
screening_000492|SA28V,filtered_candidates.fasta
screening_000493|SA28W,filtered_candidates.fasta
screening_000494|SA28Y,filtered_candidates.fasta
screening_000495|EA29A,filtered_candidates.fasta
screening_000497|EA29D,filtered_candidates.fasta
screening_000500|EA29H,filtered_candidates.fasta
screening_000501|EA29I,filtered_candidates.fasta
screening_000502|EA29K,filtered_candidates.fasta
screening_000503|EA29L,filtered_candidates.fasta
screening_000504|EA29M,filtered_candidates.fasta
screening_000505|EA29N,filtered_candidates.fasta
screening_000507|EA29Q,filtered_candidates.fasta
screening_000508|EA29R,filtered_candidates.fasta
screening_000509|EA29S,filtered_candidates.fasta
screening_000510|EA29T,filtered_candidates.fasta
screening_000511|EA29V,filtered_candidates.fasta
screening_000533|QA31A,filtered_candidates.fasta
screening_000534|QA31C,filtered_candidates.fasta
screening_000535|QA31D,filtered_candidates.fasta
screening_000536|QA31E,filtered_candidates.fasta
screening_000537|QA31F,filtered_candidates.fasta
screening_000538|QA31G,filtered_candidates.fasta
screening_000539|QA31H,filtered_candidates.fasta
screening_000540|QA31I,filtered_candidates.fasta
screening_000541|QA31K,filtered_candidates.fasta
screening_000542|QA31L,filtered_candidates.fasta
screening_000543|QA31M,filtered_candidates.fasta
screening_000544|QA31N,filtered_candidates.fasta
screening_000546|QA31R,filtered_candidates.fasta
screening_000547|QA31S,filtered_candidates.fasta
screening_000548|QA31T,filtered_candidates.fasta
screening_000549|QA31V,filtered_candidates.fasta
screening_000550|QA31W,filtered_candidates.fasta
screening_000551|QA31Y,filtered_candidates.fasta
screening_000556|AA32G,filtered_candidates.fasta
screening_000559|AA32K,filtered_candidates.fasta
screening_000571|LA33A,filtered_candidates.fasta
screening_000572|LA33C,filtered_candidates.fasta
screening_000573|LA33D,filtered_candidates.fasta
screening_000574|LA33E,filtered_candidates.fasta
screening_000575|LA33F,filtered_candidates.fasta
screening_000577|LA33H,filtered_candidates.fasta
screening_000579|LA33K,filtered_candidates.fasta
screening_000580|LA33M,filtered_candidates.fasta
screening_000581|LA33N,filtered_candidates.fasta
screening_000583|LA33Q,filtered_candidates.fasta
screening_000584|LA33R,filtered_candidates.fasta
screening_000585|LA33S,filtered_candidates.fasta
screening_000586|LA33T,filtered_candidates.fasta
screening_000589|LA33Y,filtered_candidates.fasta
screening_000628|VA36A,filtered_candidates.fasta
screening_000629|VA36C,filtered_candidates.fasta
screening_000630|VA36D,filtered_candidates.fasta
screening_000631|VA36E,filtered_candidates.fasta
screening_000632|VA36F,filtered_candidates.fasta
screening_000633|VA36G,filtered_candidates.fasta
screening_000634|VA36H,filtered_candidates.fasta
screening_000635|VA36I,filtered_candidates.fasta
screening_000636|VA36K,filtered_candidates.fasta
screening_000637|VA36L,filtered_candidates.fasta
screening_000638|VA36M,filtered_candidates.fasta
screening_000639|VA36N,filtered_candidates.fasta
screening_000641|VA36Q,filtered_candidates.fasta
screening_000642|VA36R,filtered_candidates.fasta
screening_000643|VA36S,filtered_candidates.fasta
screening_000644|VA36T,filtered_candidates.fasta
screening_000645|VA36W,filtered_candidates.fasta
screening_000646|VA36Y,filtered_candidates.fasta
screening_000658|AA37P,filtered_candidates.fasta
screening_000666|SA38A,filtered_candidates.fasta
screening_000667|SA38C,filtered_candidates.fasta
screening_000671|SA38G,filtered_candidates.fasta
screening_000677|SA38N,filtered_candidates.fasta
screening_000684|SA38Y,filtered_candidates.fasta
screening_000685|KA39A,filtered_candidates.fasta
screening_000686|KA39C,filtered_candidates.fasta
screening_000687|KA39D,filtered_candidates.fasta
screening_000688|KA39E,filtered_candidates.fasta
screening_000689|KA39F,filtered_candidates.fasta
screening_000690|KA39G,filtered_candidates.fasta
screening_000691|KA39H,filtered_candidates.fasta
screening_000692|KA39I,filtered_candidates.fasta
screening_000693|KA39L,filtered_candidates.fasta
screening_000694|KA39M,filtered_candidates.fasta
screening_000695|KA39N,filtered_candidates.fasta
screening_000697|KA39Q,filtered_candidates.fasta
screening_000698|KA39R,filtered_candidates.fasta
screening_000699|KA39S,filtered_candidates.fasta
screening_000700|KA39T,filtered_candidates.fasta
screening_000701|KA39V,filtered_candidates.fasta
screening_000702|KA39W,filtered_candidates.fasta
screening_000703|KA39Y,filtered_candidates.fasta
screening_000765|AA43G,filtered_candidates.fasta
screening_000771|AA43N,filtered_candidates.fasta
screening_000775|AA43S,filtered_candidates.fasta
screening_000780|DA44A,filtered_candidates.fasta
screening_000781|DA44C,filtered_candidates.fasta
screening_000782|DA44E,filtered_candidates.fasta
screening_000783|DA44F,filtered_candidates.fasta
screening_000784|DA44G,filtered_candidates.fasta
screening_000785|DA44H,filtered_candidates.fasta
screening_000786|DA44I,filtered_candidates.fasta
screening_000787|DA44K,filtered_candidates.fasta
screening_000788|DA44L,filtered_candidates.fasta
screening_000789|DA44M,filtered_candidates.fasta
screening_000790|DA44N,filtered_candidates.fasta
screening_000792|DA44Q,filtered_candidates.fasta
screening_000793|DA44R,filtered_candidates.fasta
screening_000794|DA44S,filtered_candidates.fasta
screening_000795|DA44T,filtered_candidates.fasta
screening_000796|DA44V,filtered_candidates.fasta
screening_000797|DA44W,filtered_candidates.fasta
screening_000798|DA44Y,filtered_candidates.fasta
screening_000807|VA45K,filtered_candidates.fasta
screening_000813|VA45R,filtered_candidates.fasta
screening_000875|KA49A,filtered_candidates.fasta
screening_000876|KA49C,filtered_candidates.fasta
screening_000877|KA49D,filtered_candidates.fasta
screening_000878|KA49E,filtered_candidates.fasta
screening_000879|KA49F,filtered_candidates.fasta
screening_000880|KA49G,filtered_candidates.fasta
screening_000881|KA49H,filtered_candidates.fasta
screening_000884|KA49M,filtered_candidates.fasta
screening_000885|KA49N,filtered_candidates.fasta
screening_000887|KA49Q,filtered_candidates.fasta
screening_000888|KA49R,filtered_candidates.fasta
screening_000889|KA49S,filtered_candidates.fasta
screening_000890|KA49T,filtered_candidates.fasta
screening_000893|KA49Y,filtered_candidates.fasta
screening_000894|SA50A,filtered_candidates.fasta
screening_000895|SA50C,filtered_candidates.fasta
screening_000989|IA55A,filtered_candidates.fasta
screening_000990|IA55C,filtered_candidates.fasta
screening_000991|IA55D,filtered_candidates.fasta
screening_000992|IA55E,filtered_candidates.fasta
screening_000994|IA55G,filtered_candidates.fasta
screening_000995|IA55H,filtered_candidates.fasta
screening_000996|IA55K,filtered_candidates.fasta
screening_000997|IA55L,filtered_candidates.fasta
screening_000998|IA55M,filtered_candidates.fasta
screening_000999|IA55N,filtered_candidates.fasta
screening_001000|IA55P,filtered_candidates.fasta
screening_001001|IA55Q,filtered_candidates.fasta
screening_001002|IA55R,filtered_candidates.fasta
screening_001003|IA55S,filtered_candidates.fasta
screening_001004|IA55T,filtered_candidates.fasta
screening_001005|IA55V,filtered_candidates.fasta
screening_001027|SA57A,filtered_candidates.fasta
screening_001028|SA57C,filtered_candidates.fasta
screening_001029|SA57D,filtered_candidates.fasta
screening_001030|SA57E,filtered_candidates.fasta
screening_001031|SA57F,filtered_candidates.fasta
screening_001032|SA57G,filtered_candidates.fasta
screening_001033|SA57H,filtered_candidates.fasta
screening_001035|SA57K,filtered_candidates.fasta
screening_001037|SA57M,filtered_candidates.fasta
screening_001038|SA57N,filtered_candidates.fasta
screening_001040|SA57Q,filtered_candidates.fasta
screening_001041|SA57R,filtered_candidates.fasta
screening_001044|SA57W,filtered_candidates.fasta
screening_001045|SA57Y,filtered_candidates.fasta
screening_001065|RA59A,filtered_candidates.fasta
screening_001069|RA59F,filtered_candidates.fasta
screening_001071|RA59H,filtered_candidates.fasta
screening_001073|RA59K,filtered_candidates.fasta
screening_001074|RA59L,filtered_candidates.fasta
screening_001075|RA59M,filtered_candidates.fasta
screening_001076|RA59N,filtered_candidates.fasta
screening_001078|RA59Q,filtered_candidates.fasta
screening_001079|RA59S,filtered_candidates.fasta
screening_001083|RA59Y,filtered_candidates.fasta
screening_001106|GA61E,filtered_candidates.fasta
screening_001108|GA61H,filtered_candidates.fasta
screening_001110|GA61K,filtered_candidates.fasta
screening_001113|GA61N,filtered_candidates.fasta
screening_001115|GA61Q,filtered_candidates.fasta
screening_001116|GA61R,filtered_candidates.fasta
screening_001117|GA61S,filtered_candidates.fasta
screening_001122|KA62A,filtered_candidates.fasta
screening_001123|KA62C,filtered_candidates.fasta
screening_001124|KA62D,filtered_candidates.fasta
screening_001125|KA62E,filtered_candidates.fasta
screening_001126|KA62F,filtered_candidates.fasta
screening_001127|KA62G,filtered_candidates.fasta
screening_001128|KA62H,filtered_candidates.fasta
screening_001131|KA62M,filtered_candidates.fasta
screening_001132|KA62N,filtered_candidates.fasta
screening_001134|KA62Q,filtered_candidates.fasta
screening_001135|KA62R,filtered_candidates.fasta
screening_001136|KA62S,filtered_candidates.fasta
screening_001137|KA62T,filtered_candidates.fasta
screening_001139|KA62W,filtered_candidates.fasta
screening_001140|KA62Y,filtered_candidates.fasta
screening_001172|PA64Q,filtered_candidates.fasta
screening_001179|GA65A,filtered_candidates.fasta
screening_001180|GA65C,filtered_candidates.fasta
screening_001181|GA65D,filtered_candidates.fasta
screening_001182|GA65E,filtered_candidates.fasta
screening_001183|GA65F,filtered_candidates.fasta
screening_001184|GA65H,filtered_candidates.fasta
screening_001185|GA65I,filtered_candidates.fasta
screening_001186|GA65K,filtered_candidates.fasta
screening_001188|GA65M,filtered_candidates.fasta
screening_001189|GA65N,filtered_candidates.fasta
screening_001191|GA65Q,filtered_candidates.fasta
screening_001192|GA65R,filtered_candidates.fasta
screening_001193|GA65S,filtered_candidates.fasta
screening_001194|GA65T,filtered_candidates.fasta
screening_001195|GA65V,filtered_candidates.fasta
screening_001197|GA65Y,filtered_candidates.fasta
screening_001198|KA66A,filtered_candidates.fasta
screening_001199|KA66C,filtered_candidates.fasta
screening_001200|KA66D,filtered_candidates.fasta
screening_001201|KA66E,filtered_candidates.fasta
screening_001202|KA66F,filtered_candidates.fasta
screening_001203|KA66G,filtered_candidates.fasta
screening_001204|KA66H,filtered_candidates.fasta
screening_001206|KA66L,filtered_candidates.fasta
screening_001207|KA66M,filtered_candidates.fasta
screening_001208|KA66N,filtered_candidates.fasta
screening_001210|KA66Q,filtered_candidates.fasta
screening_001211|KA66R,filtered_candidates.fasta
screening_001212|KA66S,filtered_candidates.fasta
screening_001215|KA66W,filtered_candidates.fasta
screening_001216|KA66Y,filtered_candidates.fasta
screening_001217|SA67A,filtered_candidates.fasta
screening_001219|SA67D,filtered_candidates.fasta
screening_001220|SA67E,filtered_candidates.fasta
screening_001221|SA67F,filtered_candidates.fasta
screening_001223|SA67H,filtered_candidates.fasta
screening_001224|SA67I,filtered_candidates.fasta
screening_001225|SA67K,filtered_candidates.fasta
screening_001226|SA67L,filtered_candidates.fasta
screening_001228|SA67N,filtered_candidates.fasta
screening_001229|SA67P,filtered_candidates.fasta
screening_001230|SA67Q,filtered_candidates.fasta
screening_001231|SA67R,filtered_candidates.fasta
screening_001232|SA67T,filtered_candidates.fasta
screening_001233|SA67V,filtered_candidates.fasta
screening_001235|SA67Y,filtered_candidates.fasta
screening_001274|TA70A,filtered_candidates.fasta
screening_001275|TA70C,filtered_candidates.fasta
screening_001276|TA70D,filtered_candidates.fasta
screening_001277|TA70E,filtered_candidates.fasta
screening_001278|TA70F,filtered_candidates.fasta
screening_001279|TA70G,filtered_candidates.fasta
screening_001280|TA70H,filtered_candidates.fasta
screening_001281|TA70I,filtered_candidates.fasta
screening_001282|TA70K,filtered_candidates.fasta
screening_001283|TA70L,filtered_candidates.fasta
screening_001284|TA70M,filtered_candidates.fasta
screening_001285|TA70N,filtered_candidates.fasta
screening_001287|TA70Q,filtered_candidates.fasta
screening_001288|TA70R,filtered_candidates.fasta
screening_001289|TA70S,filtered_candidates.fasta
screening_001290|TA70V,filtered_candidates.fasta
screening_001291|TA70W,filtered_candidates.fasta
screening_001292|TA70Y,filtered_candidates.fasta
screening_001312|RA72A,filtered_candidates.fasta
screening_001320|RA72K,filtered_candidates.fasta
screening_001322|RA72M,filtered_candidates.fasta
screening_001325|RA72Q,filtered_candidates.fasta
screening_001326|RA72S,filtered_candidates.fasta
screening_001331|EA73A,filtered_candidates.fasta
screening_001332|EA73C,filtered_candidates.fasta
screening_001336|EA73H,filtered_candidates.fasta
screening_001339|EA73L,filtered_candidates.fasta
screening_001340|EA73M,filtered_candidates.fasta
screening_001343|EA73Q,filtered_candidates.fasta
screening_001345|EA73S,filtered_candidates.fasta
screening_001346|EA73T,filtered_candidates.fasta
screening_001404|IA76V,filtered_candidates.fasta
screening_001430|YA78F,filtered_candidates.fasta
screening_001432|YA78H,filtered_candidates.fasta
screening_001435|YA78L,filtered_candidates.fasta
screening_001436|YA78M,filtered_candidates.fasta
screening_001441|YA78S,filtered_candidates.fasta
screening_001443|YA78V,filtered_candidates.fasta
screening_001445|TA79A,filtered_candidates.fasta
screening_001446|TA79C,filtered_candidates.fasta
screening_001447|TA79D,filtered_candidates.fasta
screening_001448|TA79E,filtered_candidates.fasta
screening_001449|TA79F,filtered_candidates.fasta
screening_001451|TA79H,filtered_candidates.fasta
screening_001452|TA79I,filtered_candidates.fasta
screening_001453|TA79K,filtered_candidates.fasta
screening_001454|TA79L,filtered_candidates.fasta
screening_001456|TA79N,filtered_candidates.fasta
screening_001458|TA79Q,filtered_candidates.fasta
screening_001459|TA79R,filtered_candidates.fasta
screening_001460|TA79S,filtered_candidates.fasta
screening_001461|TA79V,filtered_candidates.fasta
screening_001463|TA79Y,filtered_candidates.fasta
screening_001464|SA80A,filtered_candidates.fasta
screening_001467|SA80E,filtered_candidates.fasta
screening_001468|SA80F,filtered_candidates.fasta
screening_001469|SA80G,filtered_candidates.fasta
screening_001470|SA80H,filtered_candidates.fasta
screening_001472|SA80K,filtered_candidates.fasta
screening_001475|SA80N,filtered_candidates.fasta
screening_001477|SA80Q,filtered_candidates.fasta
screening_001478|SA80R,filtered_candidates.fasta
screening_001482|SA80Y,filtered_candidates.fasta
screening_001502|FA82A,filtered_candidates.fasta
screening_001504|FA82D,filtered_candidates.fasta
screening_001505|FA82E,filtered_candidates.fasta
screening_001507|FA82H,filtered_candidates.fasta
screening_001509|FA82K,filtered_candidates.fasta
screening_001510|FA82L,filtered_candidates.fasta
screening_001511|FA82M,filtered_candidates.fasta
screening_001512|FA82N,filtered_candidates.fasta
screening_001513|FA82P,filtered_candidates.fasta
screening_001514|FA82Q,filtered_candidates.fasta
screening_001515|FA82R,filtered_candidates.fasta
screening_001516|FA82S,filtered_candidates.fasta
screening_001517|FA82T,filtered_candidates.fasta
screening_001518|FA82V,filtered_candidates.fasta
screening_001520|FA82Y,filtered_candidates.fasta
screening_001554|NA84S,filtered_candidates.fasta
screening_001559|SA85A,filtered_candidates.fasta
screening_001560|SA85C,filtered_candidates.fasta
screening_001564|SA85G,filtered_candidates.fasta
screening_001567|SA85K,filtered_candidates.fasta
screening_001570|SA85N,filtered_candidates.fasta
screening_001572|SA85Q,filtered_candidates.fasta
screening_001573|SA85R,filtered_candidates.fasta
screening_001578|DA86A,filtered_candidates.fasta
screening_001579|DA86C,filtered_candidates.fasta
screening_001583|DA86H,filtered_candidates.fasta
screening_001590|DA86Q,filtered_candidates.fasta
screening_001592|DA86S,filtered_candidates.fasta
screening_001597|RA87A,filtered_candidates.fasta
screening_001598|RA87C,filtered_candidates.fasta
screening_001601|RA87F,filtered_candidates.fasta
screening_001603|RA87H,filtered_candidates.fasta
screening_001604|RA87I,filtered_candidates.fasta
screening_001607|RA87M,filtered_candidates.fasta
screening_001608|RA87N,filtered_candidates.fasta
screening_001611|RA87S,filtered_candidates.fasta
screening_001612|RA87T,filtered_candidates.fasta
screening_001613|RA87V,filtered_candidates.fasta
screening_001624|IA88L,filtered_candidates.fasta
screening_001671|YA90V,filtered_candidates.fasta
screening_001673|SA91A,filtered_candidates.fasta
screening_001678|SA91G,filtered_candidates.fasta
screening_001692|SA92A,filtered_candidates.fasta
screening_001713|DA93E,filtered_candidates.fasta
screening_001714|DA93F,filtered_candidates.fasta
screening_001716|DA93H,filtered_candidates.fasta
screening_001718|DA93K,filtered_candidates.fasta
screening_001719|DA93L,filtered_candidates.fasta
screening_001721|DA93N,filtered_candidates.fasta
screening_001723|DA93Q,filtered_candidates.fasta
screening_001725|DA93S,filtered_candidates.fasta
screening_001726|DA93T,filtered_candidates.fasta
screening_001727|DA93V,filtered_candidates.fasta
screening_001729|DA93Y,filtered_candidates.fasta
screening_001749|LA95A,filtered_candidates.fasta
screening_001750|LA95C,filtered_candidates.fasta
screening_001752|LA95E,filtered_candidates.fasta
screening_001755|LA95H,filtered_candidates.fasta
screening_001758|LA95M,filtered_candidates.fasta
screening_001759|LA95N,filtered_candidates.fasta
screening_001761|LA95Q,filtered_candidates.fasta
screening_001763|LA95S,filtered_candidates.fasta
screening_001784|IA96V,filtered_candidates.fasta
screening_001806|KA98A,filtered_candidates.fasta
screening_001809|KA98E,filtered_candidates.fasta
screening_001815|KA98M,filtered_candidates.fasta
screening_001818|KA98Q,filtered_candidates.fasta
screening_001819|KA98R,filtered_candidates.fasta
screening_001820|KA98S,filtered_candidates.fasta
screening_001825|TA99A,filtered_candidates.fasta
screening_001840|TA99S,filtered_candidates.fasta
screening_001847|TA100E,filtered_candidates.fasta
screening_001851|TA100I,filtered_candidates.fasta
screening_001857|TA100Q,filtered_candidates.fasta
screening_001859|TA100S,filtered_candidates.fasta
screening_001860|TA100V,filtered_candidates.fasta
screening_001920|QA104A,filtered_candidates.fasta
screening_001921|QA104C,filtered_candidates.fasta
screening_001922|QA104D,filtered_candidates.fasta
screening_001923|QA104E,filtered_candidates.fasta
screening_001924|QA104F,filtered_candidates.fasta
screening_001925|QA104G,filtered_candidates.fasta
screening_001926|QA104H,filtered_candidates.fasta
screening_001927|QA104I,filtered_candidates.fasta
screening_001928|QA104K,filtered_candidates.fasta
screening_001929|QA104L,filtered_candidates.fasta
screening_001930|QA104M,filtered_candidates.fasta
screening_001931|QA104N,filtered_candidates.fasta
screening_001933|QA104R,filtered_candidates.fasta
screening_001934|QA104S,filtered_candidates.fasta
screening_001935|QA104T,filtered_candidates.fasta
screening_001936|QA104V,filtered_candidates.fasta
screening_001937|QA104W,filtered_candidates.fasta
screening_001938|QA104Y,filtered_candidates.fasta
screening_001939|TA105A,filtered_candidates.fasta
screening_001940|TA105C,filtered_candidates.fasta
screening_001942|TA105E,filtered_candidates.fasta
screening_001943|TA105F,filtered_candidates.fasta
screening_001944|TA105G,filtered_candidates.fasta
screening_001945|TA105H,filtered_candidates.fasta
screening_001947|TA105K,filtered_candidates.fasta
screening_001948|TA105L,filtered_candidates.fasta
screening_001949|TA105M,filtered_candidates.fasta
screening_001950|TA105N,filtered_candidates.fasta
screening_001952|TA105Q,filtered_candidates.fasta
screening_001953|TA105R,filtered_candidates.fasta
screening_001954|TA105S,filtered_candidates.fasta
screening_001956|TA105W,filtered_candidates.fasta
screening_001957|TA105Y,filtered_candidates.fasta
screening_001980|TA107E,filtered_candidates.fasta
screening_001981|TA107F,filtered_candidates.fasta
screening_001983|TA107H,filtered_candidates.fasta
screening_001984|TA107I,filtered_candidates.fasta
screening_001990|TA107Q,filtered_candidates.fasta
screening_001992|TA107S,filtered_candidates.fasta
screening_001993|TA107V,filtered_candidates.fasta
screening_001995|TA107Y,filtered_candidates.fasta
screening_001996|KA108A,filtered_candidates.fasta
screening_001997|KA108C,filtered_candidates.fasta
screening_002005|KA108M,filtered_candidates.fasta
screening_002007|KA108P,filtered_candidates.fasta
screening_002008|KA108Q,filtered_candidates.fasta
screening_002009|KA108R,filtered_candidates.fasta
screening_002010|KA108S,filtered_candidates.fasta
