candidate_id,chain,position,sequence_index,wildtype,mutant,mutation,ddg,input_pdb,fasta_id
screening_000001,A,2,2,G,A,GA2A,NA,test_multi.pdb,screening_000001|GA2A
screening_000002,A,2,2,G,C,GA2C,NA,test_multi.pdb,screening_000002|GA2C
screening_000003,A,2,2,G,D,GA2D,NA,test_multi.pdb,screening_000003|GA2D
screening_000004,A,2,2,G,E,GA2E,NA,test_multi.pdb,screening_000004|GA2E
screening_000005,A,2,2,G,F,GA2F,NA,test_multi.pdb,screening_000005|GA2F
screening_000006,A,2,2,G,H,GA2H,NA,test_multi.pdb,screening_000006|GA2H
screening_000007,A,2,2,G,I,GA2I,NA,test_multi.pdb,screening_000007|GA2I
screening_000008,A,2,2,G,K,GA2K,NA,test_multi.pdb,screening_000008|GA2K
screening_000009,A,2,2,G,L,GA2L,NA,test_multi.pdb,screening_000009|GA2L
screening_000010,A,2,2,G,M,GA2M,NA,test_multi.pdb,screening_000010|GA2M
screening_000011,A,2,2,G,N,GA2N,NA,test_multi.pdb,screening_000011|GA2N
screening_000012,A,2,2,G,P,GA2P,NA,test_multi.pdb,screening_000012|GA2P
screening_000013,A,2,2,G,Q,GA2Q,NA,test_multi.pdb,screening_000013|GA2Q
screening_000014,A,2,2,G,R,GA2R,NA,test_multi.pdb,screening_000014|GA2R
screening_000015,A,2,2,G,S,GA2S,NA,test_multi.pdb,screening_000015|GA2S
screening_000016,A,2,2,G,T,GA2T,NA,test_multi.pdb,screening_000016|GA2T
screening_000017,A,2,2,G,V,GA2V,NA,test_multi.pdb,screening_000017|GA2V
screening_000018,A,2,2,G,W,GA2W,NA,test_multi.pdb,screening_000018|GA2W
screening_000019,A,2,2,G,Y,GA2Y,NA,test_multi.pdb,screening_000019|GA2Y
