candidate_id,chain,position,wildtype,mutant,mutation,ddg,input_pdb
screening_000001,A,1,A,C,AA1C,NA,test.pdb
screening_000002,A,1,A,D,AA1D,NA,test.pdb
screening_000003,A,1,A,E,AA1E,NA,test.pdb
screening_000004,A,1,A,F,AA1F,NA,test.pdb
screening_000005,A,1,A,G,AA1G,NA,test.pdb
screening_000006,A,1,A,H,AA1H,NA,test.pdb
screening_000007,A,1,A,I,AA1I,NA,test.pdb
screening_000008,A,1,A,K,AA1K,NA,test.pdb
screening_000009,A,1,A,L,AA1L,NA,test.pdb
screening_000010,A,1,A,M,AA1M,NA,test.pdb
screening_000011,A,1,A,N,AA1N,NA,test.pdb
screening_000012,A,1,A,P,AA1P,NA,test.pdb
screening_000013,A,1,A,Q,AA1Q,NA,test.pdb
screening_000014,A,1,A,R,AA1R,NA,test.pdb
screening_000015,A,1,A,S,AA1S,NA,test.pdb
screening_000016,A,1,A,T,AA1T,NA,test.pdb
screening_000017,A,1,A,V,AA1V,NA,test.pdb
screening_000018,A,1,A,W,AA1W,NA,test.pdb
screening_000019,A,1,A,Y,AA1Y,NA,test.pdb
