candidate_id,chain,position,sequence_index,wildtype,mutant,mutation,ddg,wt_score,mutant_score,input_pdb,fasta_id,structural_score,final_score,status
screening_000609,A,215,211,P,A,PA215A,-20.8091,-449.4832,-470.2923,3HS4.pdb,screening_000609|PA215A,NA,-20.8091,pending_structural_validation
screening_000623,A,215,211,P,S,PA215S,-19.818,-449.4832,-469.3012,3HS4.pdb,screening_000623|PA215S,NA,-19.818,pending_structural_validation
screening_000614,A,215,211,P,G,PA215G,-16.3687,-449.4832,-465.8519,3HS4.pdb,screening_000614|PA215G,NA,-16.3687,pending_structural_validation
screening_000611,A,215,211,P,D,PA215D,-11.2528,-449.4832,-460.736,3HS4.pdb,screening_000611|PA215D,NA,-11.2528,pending_structural_validation
screening_000220,A,92,89,Q,M,QA92M,-10.2742,-449.4832,-459.7574,3HS4.pdb,screening_000220|QA92M,NA,-10.2742,pending_structural_validation
screening_000219,A,92,89,Q,L,QA92L,-10.2438,-449.4832,-459.727,3HS4.pdb,screening_000219|QA92L,NA,-10.2438,pending_structural_validation
screening_000210,A,92,89,Q,A,QA92A,-10.1727,-449.4832,-459.6559,3HS4.pdb,screening_000210|QA92A,NA,-10.1727,pending_structural_validation
screening_000224,A,92,89,Q,S,QA92S,-9.9752,-449.4832,-459.4583,3HS4.pdb,screening_000224|QA92S,NA,-9.9752,pending_structural_validation
screening_000211,A,92,89,Q,C,QA92C,-9.7233,-449.4832,-459.2064,3HS4.pdb,screening_000211|QA92C,NA,-9.7233,pending_structural_validation
screening_000223,A,92,89,Q,R,QA92R,-9.3485,-449.4832,-458.8316,3HS4.pdb,screening_000223|QA92R,NA,-9.3485,pending_structural_validation
screening_000218,A,92,89,Q,K,QA92K,-9.1233,-449.4832,-458.6064,3HS4.pdb,screening_000218|QA92K,NA,-9.1233,pending_structural_validation
screening_000213,A,92,89,Q,E,QA92E,-8.752,-449.4832,-458.2352,3HS4.pdb,screening_000213|QA92E,NA,-8.752,pending_structural_validation
screening_000225,A,92,89,Q,T,QA92T,-8.4013,-449.4832,-457.8844,3HS4.pdb,screening_000225|QA92T,NA,-8.4013,pending_structural_validation
screening_000221,A,92,89,Q,N,QA92N,-8.3343,-449.4832,-457.8175,3HS4.pdb,screening_000221|QA92N,NA,-8.3343,pending_structural_validation
screening_000620,A,215,211,P,N,PA215N,-6.8539,-449.4832,-456.337,3HS4.pdb,screening_000620|PA215N,NA,-6.8539,pending_structural_validation
screening_000317,A,112,109,K,Q,KA112Q,-6.6988,-449.4832,-456.1819,3HS4.pdb,screening_000317|KA112Q,NA,-6.6988,pending_structural_validation
screening_000321,A,112,109,K,V,KA112V,-5.9198,-449.4832,-455.4029,3HS4.pdb,screening_000321|KA112V,NA,-5.9198,pending_structural_validation
screening_000312,A,112,109,K,I,KA112I,-5.7741,-449.4832,-455.2572,3HS4.pdb,screening_000312|KA112I,NA,-5.7741,pending_structural_validation
screening_000320,A,112,109,K,T,KA112T,-5.5897,-449.4832,-455.0729,3HS4.pdb,screening_000320|KA112T,NA,-5.5897,pending_structural_validation
screening_000323,A,112,109,K,Y,KA112Y,-5.2908,-449.4832,-454.774,3HS4.pdb,screening_000323|KA112Y,NA,-5.2908,pending_structural_validation
screening_000318,A,112,109,K,R,KA112R,-5.1174,-449.4832,-454.6005,3HS4.pdb,screening_000318|KA112R,NA,-5.1174,pending_structural_validation
screening_000313,A,112,109,K,L,KA112L,-5.1101,-449.4832,-454.5933,3HS4.pdb,screening_000313|KA112L,NA,-5.1101,pending_structural_validation
screening_000282,A,106,103,E,T,EA106T,-5.1091,-449.4832,-454.5922,3HS4.pdb,screening_000282|EA106T,NA,-5.1091,pending_structural_validation
screening_000311,A,112,109,K,H,KA112H,-5.0267,-449.4832,-454.5099,3HS4.pdb,screening_000311|KA112H,NA,-5.0267,pending_structural_validation
screening_000309,A,112,109,K,F,KA112F,-4.9391,-449.4832,-454.4222,3HS4.pdb,screening_000309|KA112F,NA,-4.9391,pending_structural_validation
screening_000212,A,92,89,Q,D,QA92D,-4.9306,-449.4832,-454.4137,3HS4.pdb,screening_000212|QA92D,NA,-4.9306,pending_structural_validation
screening_000215,A,92,89,Q,G,QA92G,-4.8964,-449.4832,-454.3796,3HS4.pdb,screening_000215|QA92G,NA,-4.8964,pending_structural_validation
screening_000319,A,112,109,K,S,KA112S,-4.7227,-449.4832,-454.2058,3HS4.pdb,screening_000319|KA112S,NA,-4.7227,pending_structural_validation
screening_000308,A,112,109,K,E,KA112E,-4.5775,-449.4832,-454.0607,3HS4.pdb,screening_000308|KA112E,NA,-4.5775,pending_structural_validation
screening_000305,A,112,109,K,A,KA112A,-4.5536,-449.4832,-454.0367,3HS4.pdb,screening_000305|KA112A,NA,-4.5536,pending_structural_validation
screening_000315,A,112,109,K,N,KA112N,-4.5134,-449.4832,-453.9966,3HS4.pdb,screening_000315|KA112N,NA,-4.5134,pending_structural_validation
screening_000612,A,215,211,P,E,PA215E,-4.2943,-449.4832,-453.7774,3HS4.pdb,screening_000612|PA215E,NA,-4.2943,pending_structural_validation
screening_000314,A,112,109,K,M,KA112M,-4.1541,-449.4832,-453.6373,3HS4.pdb,screening_000314|KA112M,NA,-4.1541,pending_structural_validation
screening_000248,A,96,93,H,A,HA96A,-3.8091,-449.4832,-453.2923,3HS4.pdb,screening_000248|HA96A,NA,-3.8091,pending_structural_validation
screening_000306,A,112,109,K,C,KA112C,-3.5722,-449.4832,-453.0554,3HS4.pdb,screening_000306|KA112C,NA,-3.5722,pending_structural_validation
screening_000529,A,199,195,T,S,TA199S,-3.2407,-449.4832,-452.7239,3HS4.pdb,screening_000529|TA199S,NA,-3.2407,pending_structural_validation
screening_000267,A,106,103,E,A,EA106A,-3.2388,-449.4832,-452.722,3HS4.pdb,screening_000267|EA106A,NA,-3.2388,pending_structural_validation
screening_000249,A,96,93,H,C,HA96C,-3.0276,-449.4832,-452.5107,3HS4.pdb,screening_000249|HA96C,NA,-3.0276,pending_structural_validation
screening_000015,A,4,1,H,S,HA4S,-2.9941,-449.4832,-452.4773,3HS4.pdb,screening_000015|HA4S,NA,-2.9941,pending_structural_validation
screening_000243,A,94,91,H,S,HA94S,-2.9777,-449.4832,-452.4608,3HS4.pdb,screening_000243|HA94S,NA,-2.9777,pending_structural_validation
screening_000244,A,94,91,H,T,HA94T,-2.9299,-449.4832,-452.413,3HS4.pdb,screening_000244|HA94T,NA,-2.9299,pending_structural_validation
screening_000004,A,4,1,H,E,HA4E,-2.922,-449.4832,-452.4052,3HS4.pdb,screening_000004|HA4E,NA,-2.922,pending_structural_validation
screening_000322,A,112,109,K,W,KA112W,-2.9092,-449.4832,-452.3924,3HS4.pdb,screening_000322|KA112W,NA,-2.9092,pending_structural_validation
screening_000242,A,94,91,H,R,HA94R,-2.8539,-449.4832,-452.3371,3HS4.pdb,screening_000242|HA94R,NA,-2.8539,pending_structural_validation
screening_000239,A,94,91,H,N,HA94N,-2.8254,-449.4832,-452.3086,3HS4.pdb,screening_000239|HA94N,NA,-2.8254,pending_structural_validation
screening_000008,A,4,1,H,K,HA4K,-2.8241,-449.4832,-452.3073,3HS4.pdb,screening_000008|HA4K,NA,-2.8241,pending_structural_validation
screening_000262,A,96,93,H,S,HA96S,-2.7776,-449.4832,-452.2608,3HS4.pdb,screening_000262|HA96S,NA,-2.7776,pending_structural_validation
screening_000241,A,94,91,H,Q,HA94Q,-2.7368,-449.4832,-452.22,3HS4.pdb,screening_000241|HA94Q,NA,-2.7368,pending_structural_validation
screening_000229,A,94,91,H,A,HA94A,-2.6757,-449.4832,-452.1589,3HS4.pdb,screening_000229|HA94A,NA,-2.6757,pending_structural_validation
screening_000476,A,197,193,S,A,SA197A,-2.6389,-449.4832,-452.122,3HS4.pdb,screening_000476|SA197A,NA,-2.6389,pending_structural_validation
screening_000230,A,94,91,H,C,HA94C,-2.6247,-449.4832,-452.1079,3HS4.pdb,screening_000230|HA94C,NA,-2.6247,pending_structural_validation
screening_000515,A,199,195,T,C,TA199C,-2.5843,-449.4832,-452.0675,3HS4.pdb,screening_000515|TA199C,NA,-2.5843,pending_structural_validation
screening_000003,A,4,1,H,D,HA4D,-2.5738,-449.4832,-452.057,3HS4.pdb,screening_000003|HA4D,NA,-2.5738,pending_structural_validation
screening_000263,A,96,93,H,T,HA96T,-2.5582,-449.4832,-452.0414,3HS4.pdb,screening_000263|HA96T,NA,-2.5582,pending_structural_validation
screening_000307,A,112,109,K,D,KA112D,-2.5326,-449.4832,-452.0158,3HS4.pdb,screening_000307|KA112D,NA,-2.5326,pending_structural_validation
screening_000310,A,112,109,K,G,KA112G,-2.4635,-449.4832,-451.9467,3HS4.pdb,screening_000310|KA112G,NA,-2.4635,pending_structural_validation
screening_000268,A,106,103,E,C,EA106C,-2.3928,-449.4832,-451.8759,3HS4.pdb,screening_000268|EA106C,NA,-2.3928,pending_structural_validation
screening_000006,A,4,1,H,G,HA4G,-2.2678,-449.4832,-451.751,3HS4.pdb,screening_000006|HA4G,NA,-2.2678,pending_structural_validation
screening_000271,A,106,103,E,G,EA106G,-2.2301,-449.4832,-451.7133,3HS4.pdb,screening_000271|EA106G,NA,-2.2301,pending_structural_validation
screening_000012,A,4,1,H,P,HA4P,-2.1862,-449.4832,-451.6694,3HS4.pdb,screening_000012|HA4P,NA,-2.1862,pending_structural_validation
screening_000174,A,19,16,D,E,DA19E,-2.0781,-449.4832,-451.5612,3HS4.pdb,screening_000174|DA19E,NA,-2.0781,pending_structural_validation
screening_000013,A,4,1,H,Q,HA4Q,-2.0012,-449.4832,-451.4844,3HS4.pdb,screening_000013|HA4Q,NA,-2.0012,pending_structural_validation
screening_000001,A,4,1,H,A,HA4A,-1.9606,-449.4832,-451.4438,3HS4.pdb,screening_000001|HA4A,NA,-1.9606,pending_structural_validation
screening_000237,A,94,91,H,L,HA94L,-1.957,-449.4832,-451.4402,3HS4.pdb,screening_000237|HA94L,NA,-1.957,pending_structural_validation
screening_000281,A,106,103,E,S,EA106S,-1.8489,-449.4832,-451.3321,3HS4.pdb,screening_000281|EA106S,NA,-1.8489,pending_structural_validation
screening_000011,A,4,1,H,N,HA4N,-1.8213,-449.4832,-451.3044,3HS4.pdb,screening_000011|HA4N,NA,-1.8213,pending_structural_validation
screening_000016,A,4,1,H,T,HA4T,-1.7825,-449.4832,-451.2657,3HS4.pdb,screening_000016|HA4T,NA,-1.7825,pending_structural_validation
screening_000179,A,19,16,D,K,DA19K,-1.5869,-449.4832,-451.0701,3HS4.pdb,screening_000179|DA19K,NA,-1.5869,pending_structural_validation
screening_000014,A,4,1,H,R,HA4R,-1.5552,-449.4832,-451.0384,3HS4.pdb,screening_000014|HA4R,NA,-1.5552,pending_structural_validation
screening_000549,A,200,196,T,V,TA200V,-1.5218,-449.4832,-451.0049,3HS4.pdb,screening_000549|TA200V,NA,-1.5218,pending_structural_validation
screening_000236,A,94,91,H,K,HA94K,-1.3735,-449.4832,-450.8567,3HS4.pdb,screening_000236|HA94K,NA,-1.3735,pending_structural_validation
screening_000238,A,94,91,H,M,HA94M,-1.3118,-449.4832,-450.795,3HS4.pdb,screening_000238|HA94M,NA,-1.3118,pending_structural_validation
screening_000009,A,4,1,H,L,HA4L,-1.2681,-449.4832,-450.7513,3HS4.pdb,screening_000009|HA4L,NA,-1.2681,pending_structural_validation
screening_000182,A,19,16,D,N,DA19N,-1.2329,-449.4832,-450.716,3HS4.pdb,screening_000182|DA19N,NA,-1.2329,pending_structural_validation
screening_000234,A,94,91,H,G,HA94G,-1.204,-449.4832,-450.6871,3HS4.pdb,screening_000234|HA94G,NA,-1.204,pending_structural_validation
screening_000177,A,19,16,D,H,DA19H,-1.2015,-449.4832,-450.6846,3HS4.pdb,screening_000177|DA19H,NA,-1.2015,pending_structural_validation
screening_000180,A,19,16,D,L,DA19L,-1.0881,-449.4832,-450.5712,3HS4.pdb,screening_000180|DA19L,NA,-1.0881,pending_structural_validation
screening_000619,A,215,211,P,M,PA215M,-1.0727,-449.4832,-450.5558,3HS4.pdb,screening_000619|PA215M,NA,-1.0727,pending_structural_validation
screening_000161,A,18,15,K,L,KA18L,-1.0378,-449.4832,-450.521,3HS4.pdb,screening_000161|KA18L,NA,-1.0378,pending_structural_validation
screening_000450,A,149,145,K,Q,KA149Q,-0.9356,-449.4832,-450.4188,3HS4.pdb,screening_000450|KA149Q,NA,-0.9356,pending_structural_validation
screening_000184,A,19,16,D,Q,DA19Q,-0.9182,-449.4832,-450.4014,3HS4.pdb,screening_000184|DA19Q,NA,-0.9182,pending_structural_validation
screening_000514,A,199,195,T,A,TA199A,-0.9144,-449.4832,-450.3976,3HS4.pdb,screening_000514|TA199A,NA,-0.9144,pending_structural_validation
screening_000546,A,200,196,T,Q,TA200Q,-0.8105,-449.4832,-450.2936,3HS4.pdb,screening_000546|TA200Q,NA,-0.8105,pending_structural_validation
screening_000186,A,19,16,D,S,DA19S,-0.7861,-449.4832,-450.2693,3HS4.pdb,screening_000186|DA19S,NA,-0.7861,pending_structural_validation
screening_000061,A,10,7,H,E,HA10E,-0.7612,-449.4832,-450.2443,3HS4.pdb,screening_000061|HA10E,NA,-0.7612,pending_structural_validation
screening_000060,A,10,7,H,D,HA10D,-0.703,-449.4832,-450.1862,3HS4.pdb,screening_000060|HA10D,NA,-0.703,pending_structural_validation
screening_000232,A,94,91,H,E,HA94E,-0.69,-449.4832,-450.1732,3HS4.pdb,screening_000232|HA94E,NA,-0.69,pending_structural_validation
screening_000540,A,200,196,T,I,TA200I,-0.6525,-449.4832,-450.1357,3HS4.pdb,screening_000540|TA200I,NA,-0.6525,pending_structural_validation
screening_000007,A,4,1,H,I,HA4I,-0.6331,-449.4832,-450.1163,3HS4.pdb,screening_000007|HA4I,NA,-0.6331,pending_structural_validation
screening_000452,A,149,145,K,S,KA149S,-0.5935,-449.4832,-450.0767,3HS4.pdb,screening_000452|KA149S,NA,-0.5935,pending_structural_validation
screening_000438,A,149,145,K,A,KA149A,-0.5783,-449.4832,-450.0614,3HS4.pdb,screening_000438|KA149A,NA,-0.5783,pending_structural_validation
screening_000010,A,4,1,H,M,HA4M,-0.5514,-449.4832,-450.0346,3HS4.pdb,screening_000010|HA4M,NA,-0.5514,pending_structural_validation
screening_000017,A,4,1,H,V,HA4V,-0.5368,-449.4832,-450.0199,3HS4.pdb,screening_000017|HA4V,NA,-0.5368,pending_structural_validation
screening_000441,A,149,145,K,E,KA149E,-0.5117,-449.4832,-449.9949,3HS4.pdb,screening_000441|KA149E,NA,-0.5117,pending_structural_validation
screening_000065,A,10,7,H,K,HA10K,-0.497,-449.4832,-449.9802,3HS4.pdb,screening_000065|HA10K,NA,-0.497,pending_structural_validation
screening_000621,A,215,211,P,Q,PA215Q,-0.4754,-449.4832,-449.9586,3HS4.pdb,screening_000621|PA215Q,NA,-0.4754,pending_structural_validation
screening_000073,A,10,7,H,T,HA10T,-0.4568,-449.4832,-449.94,3HS4.pdb,screening_000073|HA10T,NA,-0.4568,pending_structural_validation
screening_000190,A,19,16,D,Y,DA19Y,-0.4436,-449.4832,-449.9268,3HS4.pdb,screening_000190|DA19Y,NA,-0.4436,pending_structural_validation
screening_000072,A,10,7,H,S,HA10S,-0.425,-449.4832,-449.9082,3HS4.pdb,screening_000072|HA10S,NA,-0.425,pending_structural_validation
screening_000153,A,18,15,K,A,KA18A,-0.4247,-449.4832,-449.9079,3HS4.pdb,screening_000153|KA18A,NA,-0.4247,pending_structural_validation
screening_000068,A,10,7,H,N,HA10N,-0.3815,-449.4832,-449.8647,3HS4.pdb,screening_000068|HA10N,NA,-0.3815,pending_structural_validation
screening_000159,A,18,15,K,H,KA18H,-0.299,-449.4832,-449.7821,3HS4.pdb,screening_000159|KA18H,NA,-0.299,pending_structural_validation
screening_000163,A,18,15,K,N,KA18N,-0.2485,-449.4832,-449.7317,3HS4.pdb,screening_000163|KA18N,NA,-0.2485,pending_structural_validation
screening_000156,A,18,15,K,E,KA18E,-0.2348,-449.4832,-449.718,3HS4.pdb,screening_000156|KA18E,NA,-0.2348,pending_structural_validation
screening_000355,A,119,116,H,Q,HA119Q,-0.2231,-449.4832,-449.7063,3HS4.pdb,screening_000355|HA119Q,NA,-0.2231,pending_structural_validation
screening_000019,A,4,1,H,Y,HA4Y,-0.2152,-449.4832,-449.6984,3HS4.pdb,screening_000019|HA4Y,NA,-0.2152,pending_structural_validation
screening_000602,A,214,210,E,Q,EA214Q,-0.2042,-449.4832,-449.6874,3HS4.pdb,screening_000602|EA214Q,NA,-0.2042,pending_structural_validation
screening_000165,A,18,15,K,Q,KA18Q,-0.1955,-449.4832,-449.6787,3HS4.pdb,screening_000165|KA18Q,NA,-0.1955,pending_structural_validation
screening_000166,A,18,15,K,R,KA18R,-0.122,-449.4832,-449.6052,3HS4.pdb,screening_000166|KA18R,NA,-0.122,pending_structural_validation
screening_000451,A,149,145,K,R,KA149R,-0.0569,-449.4832,-449.5401,3HS4.pdb,screening_000451|KA149R,NA,-0.0569,pending_structural_validation
screening_000172,A,19,16,D,A,DA19A,-0.0496,-449.4832,-449.5328,3HS4.pdb,screening_000172|DA19A,NA,-0.0496,pending_structural_validation
screening_000070,A,10,7,H,Q,HA10Q,-0.0069,-449.4832,-449.4901,3HS4.pdb,screening_000070|HA10Q,NA,-0.0069,pending_structural_validation
screening_000185,A,19,16,D,R,DA19R,0.0286,-449.4832,-449.4546,3HS4.pdb,screening_000185|DA19R,NA,0.0286,pending_structural_validation
screening_000269,A,106,103,E,D,EA106D,0.0748,-449.4832,-449.4084,3HS4.pdb,screening_000269|EA106D,NA,0.0748,pending_structural_validation
screening_000169,A,18,15,K,V,KA18V,0.1288,-449.4832,-449.3543,3HS4.pdb,screening_000169|KA18V,NA,0.1288,pending_structural_validation
screening_000171,A,18,15,K,Y,KA18Y,0.1592,-449.4832,-449.324,3HS4.pdb,screening_000171|KA18Y,NA,0.1592,pending_structural_validation
screening_000066,A,10,7,H,L,HA10L,0.1652,-449.4832,-449.3179,3HS4.pdb,screening_000066|HA10L,NA,0.1652,pending_structural_validation
screening_000167,A,18,15,K,S,KA18S,0.1969,-449.4832,-449.2862,3HS4.pdb,screening_000167|KA18S,NA,0.1969,pending_structural_validation
screening_000175,A,19,16,D,F,DA19F,0.1972,-449.4832,-449.286,3HS4.pdb,screening_000175|DA19F,NA,0.1972,pending_structural_validation
screening_000005,A,4,1,H,F,HA4F,0.211,-449.4832,-449.2721,3HS4.pdb,screening_000005|HA4F,NA,0.211,pending_structural_validation
screening_000162,A,18,15,K,M,KA18M,0.22,-449.4832,-449.2632,3HS4.pdb,screening_000162|KA18M,NA,0.22,pending_structural_validation
screening_000445,A,149,145,K,I,KA149I,0.3498,-449.4832,-449.1333,3HS4.pdb,screening_000445|KA149I,NA,0.3498,pending_structural_validation
screening_000181,A,19,16,D,M,DA19M,0.4401,-449.4832,-449.0431,3HS4.pdb,screening_000181|DA19M,NA,0.4401,pending_structural_validation
screening_000440,A,149,145,K,D,KA149D,0.4433,-449.4832,-449.0398,3HS4.pdb,screening_000440|KA149D,NA,0.4433,pending_structural_validation
screening_000543,A,200,196,T,M,TA200M,0.4698,-449.4832,-449.0134,3HS4.pdb,screening_000543|TA200M,NA,0.4698,pending_structural_validation
screening_000189,A,19,16,D,W,DA19W,0.4823,-449.4832,-449.0008,3HS4.pdb,screening_000189|DA19W,NA,0.4823,pending_structural_validation
screening_000002,A,4,1,H,C,HA4C,0.4867,-449.4832,-448.9965,3HS4.pdb,screening_000002|HA4C,NA,0.4867,pending_structural_validation
screening_000526,A,199,195,T,P,TA199P,0.5495,-449.4832,-448.9336,3HS4.pdb,screening_000526|TA199P,NA,0.5495,pending_structural_validation
screening_000076,A,10,7,H,Y,HA10Y,0.5795,-449.4832,-448.9037,3HS4.pdb,screening_000076|HA10Y,NA,0.5795,pending_structural_validation
screening_000079,A,11,8,N,D,NA11D,0.5841,-449.4832,-448.899,3HS4.pdb,screening_000079|NA11D,NA,0.5841,pending_structural_validation
screening_000160,A,18,15,K,I,KA18I,0.5876,-449.4832,-448.8955,3HS4.pdb,screening_000160|KA18I,NA,0.5876,pending_structural_validation
screening_000258,A,96,93,H,N,HA96N,0.6456,-449.4832,-448.8376,3HS4.pdb,screening_000258|HA96N,NA,0.6456,pending_structural_validation
screening_000277,A,106,103,E,N,EA106N,0.6546,-449.4832,-448.8286,3HS4.pdb,screening_000277|EA106N,NA,0.6546,pending_structural_validation
screening_000157,A,18,15,K,F,KA18F,0.6614,-449.4832,-448.8218,3HS4.pdb,screening_000157|KA18F,NA,0.6614,pending_structural_validation
screening_000253,A,96,93,H,G,HA96G,0.7221,-449.4832,-448.7611,3HS4.pdb,screening_000253|HA96G,NA,0.7221,pending_structural_validation
screening_000536,A,200,196,T,E,TA200E,0.7339,-449.4832,-448.7493,3HS4.pdb,screening_000536|TA200E,NA,0.7339,pending_structural_validation
screening_000447,A,149,145,K,M,KA149M,0.7415,-449.4832,-448.7417,3HS4.pdb,screening_000447|KA149M,NA,0.7415,pending_structural_validation
screening_000168,A,18,15,K,T,KA18T,0.7641,-449.4832,-448.7191,3HS4.pdb,screening_000168|KA18T,NA,0.7641,pending_structural_validation
screening_000074,A,10,7,H,V,HA10V,0.8811,-449.4832,-448.6021,3HS4.pdb,screening_000074|HA10V,NA,0.8811,pending_structural_validation
screening_000071,A,10,7,H,R,HA10R,0.9236,-449.4832,-448.5595,3HS4.pdb,screening_000071|HA10R,NA,0.9236,pending_structural_validation
screening_000231,A,94,91,H,D,HA94D,0.9736,-449.4832,-448.5095,3HS4.pdb,screening_000231|HA94D,NA,0.9736,pending_structural_validation
screening_000444,A,149,145,K,H,KA149H,0.9829,-449.4832,-448.5003,3HS4.pdb,screening_000444|KA149H,NA,0.9829,pending_structural_validation
screening_000399,A,131,127,F,Y,FA131Y,1.0782,-449.4832,-448.4049,3HS4.pdb,screening_000399|FA131Y,NA,1.0782,pending_structural_validation
screening_000062,A,10,7,H,F,HA10F,1.1369,-449.4832,-448.3463,3HS4.pdb,screening_000062|HA10F,NA,1.1369,pending_structural_validation
screening_000439,A,149,145,K,C,KA149C,1.1525,-449.4832,-448.3306,3HS4.pdb,screening_000439|KA149C,NA,1.1525,pending_structural_validation
screening_000448,A,149,145,K,N,KA149N,1.1676,-449.4832,-448.3156,3HS4.pdb,screening_000448|KA149N,NA,1.1676,pending_structural_validation
screening_000018,A,4,1,H,W,HA4W,1.1971,-449.4832,-448.2861,3HS4.pdb,screening_000018|HA4W,NA,1.1971,pending_structural_validation
screening_000155,A,18,15,K,D,KA18D,1.2221,-449.4832,-448.2611,3HS4.pdb,screening_000155|KA18D,NA,1.2221,pending_structural_validation
screening_000548,A,200,196,T,S,TA200S,1.2381,-449.4832,-448.2451,3HS4.pdb,screening_000548|TA200S,NA,1.2381,pending_structural_validation
screening_000571,A,213,209,K,A,KA213A,1.2983,-449.4832,-448.1849,3HS4.pdb,screening_000571|KA213A,NA,1.2983,pending_structural_validation
screening_000058,A,10,7,H,A,HA10A,1.349,-449.4832,-448.1341,3HS4.pdb,screening_000058|HA10A,NA,1.349,pending_structural_validation
screening_000170,A,18,15,K,W,KA18W,1.3504,-449.4832,-448.1328,3HS4.pdb,screening_000170|KA18W,NA,1.3504,pending_structural_validation
screening_000154,A,18,15,K,C,KA18C,1.4083,-449.4832,-448.0748,3HS4.pdb,screening_000154|KA18C,NA,1.4083,pending_structural_validation
screening_000064,A,10,7,H,I,HA10I,1.4666,-449.4832,-448.0166,3HS4.pdb,screening_000064|HA10I,NA,1.4666,pending_structural_validation
screening_000173,A,19,16,D,C,DA19C,1.4869,-449.4832,-447.9962,3HS4.pdb,screening_000173|DA19C,NA,1.4869,pending_structural_validation
screening_000178,A,19,16,D,I,DA19I,1.5096,-449.4832,-447.9735,3HS4.pdb,screening_000178|DA19I,NA,1.5096,pending_structural_validation
screening_000158,A,18,15,K,G,KA18G,1.5114,-449.4832,-447.9717,3HS4.pdb,screening_000158|KA18G,NA,1.5114,pending_structural_validation
screening_000519,A,199,195,T,G,TA199G,1.5185,-449.4832,-447.9647,3HS4.pdb,screening_000519|TA199G,NA,1.5185,pending_structural_validation
screening_000533,A,200,196,T,A,TA200A,1.5213,-449.4832,-447.9619,3HS4.pdb,screening_000533|TA200A,NA,1.5213,pending_structural_validation
screening_000344,A,119,116,H,C,HA119C,1.5886,-449.4832,-447.8945,3HS4.pdb,screening_000344|HA119C,NA,1.5886,pending_structural_validation
screening_000067,A,10,7,H,M,HA10M,1.6842,-449.4832,-447.799,3HS4.pdb,screening_000067|HA10M,NA,1.6842,pending_structural_validation
screening_000343,A,119,116,H,A,HA119A,1.7311,-449.4832,-447.7521,3HS4.pdb,screening_000343|HA119A,NA,1.7311,pending_structural_validation
screening_000176,A,19,16,D,G,DA19G,1.7817,-449.4832,-447.7015,3HS4.pdb,screening_000176|DA19G,NA,1.7817,pending_structural_validation
screening_000063,A,10,7,H,G,HA10G,1.7823,-449.4832,-447.7009,3HS4.pdb,screening_000063|HA10G,NA,1.7823,pending_structural_validation
screening_000443,A,149,145,K,G,KA149G,1.7893,-449.4832,-447.6939,3HS4.pdb,screening_000443|KA149G,NA,1.7893,pending_structural_validation
screening_000541,A,200,196,T,K,TA200K,1.8012,-449.4832,-447.682,3HS4.pdb,screening_000541|TA200K,NA,1.8012,pending_structural_validation
screening_000188,A,19,16,D,V,DA19V,1.8557,-449.4832,-447.6275,3HS4.pdb,screening_000188|DA19V,NA,1.8557,pending_structural_validation
screening_000547,A,200,196,T,R,TA200R,1.8771,-449.4832,-447.6061,3HS4.pdb,screening_000547|TA200R,NA,1.8771,pending_structural_validation
